SearchTeam,Team,Player,Experience,DPM,DPM Improvement,O-DPM,D-DPM,Box DPM,Box O-DPM,Box D-DPM,FGA/100,FG2%,FG3A/100,FG3%,FG3ARate%,RimFGA/100,RimFG%,FTA/100,FT%,FTARate%,USG%,REB/100,AST/100,AST%,BLK/100,BLK%,STL/100,STL%,TOV/100
Charlotte Hornets,Charlotte Hornets,LaMelo Ball,Vet,1.6,0.5,2.4,-0.7,1.6,2.5,-0.9,29.6,49.6%,15.5,35.8%,50.4%,4.7,60.7%,7.7,83.6%,23.3%,33.2%,7.5,10.9,40.4%,0.5,0.5%,2.1,2.2%,5.2
Charlotte Hornets,Charlotte Hornets,Josh Okogie,Vet,1.1,0,-0.3,1.4,0.5,-0.9,1.4,14.9,51.3%,6.3,34.8%,42.5%,4.9,60.6%,4.8,73.0%,34.6%,17.4%,9.3,3.1,8.7%,1.4,1.6%,2.8,2.7%,2.1
Charlotte Hornets,Charlotte Hornets,Moussa Diabate,Vet,0.1,1.7,-0.8,0.9,-0.2,-0.8,0.7,8.8,59.9%,0.6,15.7%,3.4%,6.1,68.8%,3.4,63.1%,37.1%,11.1%,15.6,2.4,6.3%,2,2.2%,1.9,1.9%,2.1
Charlotte Hornets,Charlotte Hornets,Grant Williams,Vet,-0.2,0.5,-0.2,0,-0.9,-0.6,-0.3,15.5,53.3%,8,37.4%,51.4%,2.7,72.0%,4,75.4%,26.8%,19.7%,8.3,4.7,13.7%,1.1,1.2%,1.3,1.3%,2.6
Charlotte Hornets,Charlotte Hornets,Miles Bridges,Vet,-0.3,-1.6,0.7,-0.9,0.4,1.7,-1.3,23,54.3%,9.4,37.2%,41.4%,6.3,69.3%,5,84.8%,20.7%,25.1%,10.2,5.4,17.3%,0.8,0.9%,1.2,1.2%,3.2
Charlotte Hornets,Charlotte Hornets,Mark Williams,Vet,-0.4,0.9,0.5,-0.9,0,1,-1,19.5,65.9%,0.6,18.3%,3.6%,13.8,72.7%,8.2,76.9%,40.6%,23.1%,17.9,4.4,14.6%,2.3,2.6%,1.5,1.4%,3
Charlotte Hornets,Charlotte Hornets,Josh Green,Vet,-0.7,0.3,-1.3,0.6,-0.5,-1.2,0.7,10.5,54.8%,6.5,39.1%,61.3%,2.1,68.9%,1.6,73.2%,16.9%,11.0%,5.4,2.7,7.2%,0.4,0.4%,1.8,1.8%,1.4
Charlotte Hornets,Charlotte Hornets,Cody Martin,Vet,-0.7,-0.7,-1.8,1.1,-1.2,-2.5,1.4,15.2,49.7%,5.6,32.8%,40.0%,3.7,66.7%,2.4,69.5%,17.3%,16.3%,8.4,5.2,15.4%,1,1.2%,2.2,2.2%,2.2
Charlotte Hornets,Charlotte Hornets,Seth Curry,Vet,-1.3,0.2,-0.9,-0.3,-0.9,-0.5,-0.4,16.2,51.8%,9.1,41.4%,55.5%,0.8,64.5%,1.7,84.7%,11.3%,15.7%,4.9,2.7,8.1%,0.4,0.5%,1.5,1.5%,1.5
Charlotte Hornets,Charlotte Hornets,DaQuan Jeffries,Vet,-1.5,0.3,-1.3,-0.2,-1.4,-1.2,-0.1,14,53.7%,8.4,34.9%,59.2%,2.8,65.2%,1.3,74.1%,12.4%,14.6%,8.1,2.6,7.3%,0.9,1.0%,1.6,1.6%,1.5
Charlotte Hornets,Charlotte Hornets,Tre Mann,Vet,-1.6,0.1,-1,-0.7,-0.8,-0.9,0,24.1,47.3%,8.8,35.4%,38.8%,5.4,59.9%,3.9,79.0%,18.2%,25.1%,6.4,8,25.9%,0.4,0.4%,2.1,2.1%,3.6
Charlotte Hornets,Charlotte Hornets,Brandon Miller,Sophomore,-1.7,1,-0.4,-1.3,-1,0.1,-1.2,26,47.6%,14.5,35.8%,56.3%,2.9,67.2%,4.9,82.6%,17.3%,27.8%,6.8,5.5,18.4%,0.9,1.0%,1.6,1.5%,3.8
Charlotte Hornets,Charlotte Hornets,Tidjane Salaün,Rookie,-2.4,,-2.4,0,-2.2,-2.3,0.1,15.3,47.5%,7.9,31.3%,55.4%,2.9,64.1%,3,68.2%,21.8%,16.4%,10.7,3.4,10.2%,0.6,0.7%,1.6,1.6%,2.2
Charlotte Hornets,Charlotte Hornets,KJ Simpson,Rookie,-2.6,,-2.2,-0.4,-2.5,-2.2,-0.4,18.5,47.9%,8,33.4%,45.8%,3.8,58.8%,4.4,75.0%,21.1%,18.8%,5.6,6.9,20.7%,0.2,0.2%,2.5,2.5%,3.3
Charlotte Hornets,Charlotte Hornets,Isaiah Wong,Sophomore,-2.7,0,-1.6,-1.1,-2.7,-1.6,-1.1,19,46.1%,6.8,31.6%,36.3%,4.3,60.1%,5.8,73.0%,30.8%,20.6%,6.9,5.7,20.8%,0.2,0.3%,1.9,2.0%,3.3
Charlotte Hornets,Charlotte Hornets,Vasilije Micic,Sophomore,-3,-1.8,-1.8,-1.2,-3,-1.7,-1.3,16.5,47.8%,8.3,34.4%,50.0%,2.6,62.5%,2.6,81.3%,16.2%,18.3%,4.9,9,27.6%,0.1,0.1%,1.4,1.4%,3.9
Charlotte Hornets,Charlotte Hornets,Nick Smith Jr.,Sophomore,-3.3,-1.4,-2,-1.4,-3.4,-1.8,-1.6,19.2,46.8%,10.9,37.0%,56.6%,1.2,61.5%,1.2,80.9%,7.3%,19.4%,5.3,4.6,14.8%,0.4,0.5%,1.2,1.2%,2.4
Charlotte Hornets,Charlotte Hornets,Taj Gibson,Vet,-3.4,-1.8,-4.2,0.7,-2.6,-3.1,0.5,9.4,50.4%,0.7,27.6%,5.0%,4.1,65.7%,2,68.3%,17.2%,11.4%,11.8,2.6,7.5%,1.8,1.8%,1.5,1.5%,2.2
Cleveland Cavaliers,Cleveland Cavaliers,Donovan Mitchell,Vet,4.8,1.2,3.8,1,3.5,4.2,-0.7,30.1,52.0%,15.1,36.6%,47.9%,5.2,66.3%,7.6,85.7%,25.2%,31.2%,6.6,7.6,24.8%,0.4,0.5%,2.2,2.2%,3.5
Cleveland Cavaliers,Cleveland Cavaliers,Evan Mobley,Vet,2.8,1.9,1.6,1.2,2.4,1.7,0.7,19.3,60.0%,5.6,33.9%,29.3%,8.3,75.7%,6.2,72.8%,32.5%,22.8%,14,4.5,13.2%,2.2,2.6%,1.4,1.4%,3
Cleveland Cavaliers,Cleveland Cavaliers,Darius Garland,Vet,2.3,0.1,2.9,-0.5,1.4,2.9,-1.6,26.2,51.9%,11.3,38.8%,41.8%,4.9,61.7%,6.5,87.6%,25.0%,28.9%,4.2,10.9,34.0%,0.2,0.3%,1.8,1.8%,4.2
Cleveland Cavaliers,Cleveland Cavaliers,Jarrett Allen,Vet,1.8,-0.4,0.2,1.6,2.5,0.7,1.9,14.3,67.2%,0.7,23.2%,3.5%,8.3,76.3%,5.9,73.3%,39.4%,17.3%,16.8,3.4,9.4%,1.6,1.8%,1.4,1.4%,1.9
Cleveland Cavaliers,Cleveland Cavaliers,Caris LeVert,Vet,0.9,1.9,0.4,0.5,-1.2,-1.3,0,17.7,49.9%,8.2,35.2%,48.8%,4.9,62.9%,4.5,71.4%,24.1%,19.5%,6.2,7.7,21.9%,0.9,0.9%,1.9,1.9%,2.8
Cleveland Cavaliers,Cleveland Cavaliers,Dean Wade,Vet,0.7,1.2,-0.5,1.2,-0.7,-0.9,0.2,12.5,54.1%,8.9,36.2%,73.1%,1.4,72.1%,1.7,65.6%,13.5%,12.1%,10.2,3.3,9.3%,0.9,1.0%,1.7,1.7%,1.1
Cleveland Cavaliers,Cleveland Cavaliers,Ty Jerome,Vet,0.7,2.4,1,-0.3,1.6,1.4,0.1,20.6,54.1%,9.7,39.2%,47.7%,3.4,60.9%,4.3,88.1%,22.7%,21.6%,5.9,8,23.2%,0.1,0.1%,2.3,2.4%,2.7
Cleveland Cavaliers,Cleveland Cavaliers,Isaac Okoro,Vet,0.2,-0.2,-0.6,0.8,-0.5,-0.9,0.3,14.3,52.5%,8.4,36.0%,57.0%,3.8,64.4%,2.9,70.1%,24.6%,14.7%,5.4,3.7,10.9%,0.8,0.9%,1.8,1.7%,1.6
Cleveland Cavaliers,Cleveland Cavaliers,Max Strus,Vet,-0.2,0.7,-0.3,0.2,-1,-0.7,-0.2,13.1,53.5%,10.1,37.7%,74.3%,2,66.1%,1,82.0%,10.3%,13.6%,7.6,5.6,14.3%,0.5,0.5%,1.3,1.2%,1.9
Cleveland Cavaliers,Cleveland Cavaliers,Georges Niang,Vet,-0.6,0.2,0.2,-0.8,-1,-0.1,-0.9,15.9,56.2%,10.3,38.4%,64.1%,2.7,66.3%,1.6,82.4%,10.5%,16.3%,8.1,3.3,9.2%,0.4,0.4%,1,1.0%,2
Cleveland Cavaliers,Cleveland Cavaliers,Craig Porter,Sophomore,-1,1.3,-1.1,0.1,-0.5,-0.9,0.4,14.3,52.5%,4.1,33.3%,25.3%,4.5,63.4%,3.1,74.7%,20.8%,16.2%,6.5,7.5,20.8%,1.2,1.3%,1.8,1.7%,2.9
Cleveland Cavaliers,Cleveland Cavaliers,Sam Merrill,Vet,-1.2,0,-0.6,-0.6,-1.3,-0.7,-0.6,15.8,50.6%,13.2,38.8%,81.9%,0.9,64.2%,1.9,88.8%,13.1%,15.6%,5.1,4.4,12.6%,0.3,0.4%,1.4,1.4%,1.5
Cleveland Cavaliers,Cleveland Cavaliers,Luke Travers,Rookie,-2,,-1.9,-0.1,-2,-1.9,-0.1,14.5,50.1%,5.5,30.7%,42.0%,4.5,65.5%,3.4,71.6%,23.5%,16.0%,8.4,4.4,11.9%,0.9,1.0%,1.6,1.5%,2.5
Cleveland Cavaliers,Cleveland Cavaliers,JT Thor,Vet,-2.1,0.8,-1.7,-0.4,-2.2,-1.8,-0.5,15.3,50.9%,6.1,32.9%,40.4%,4.6,66.0%,3.6,69.9%,21.1%,18.9%,9.2,2.6,7.7%,1.8,2.0%,1.2,1.2%,2.3
Cleveland Cavaliers,Cleveland Cavaliers,Jaylon Tyson,Rookie,-2.2,,-2,-0.2,-2.1,-2,-0.1,14.1,51.2%,6,31.8%,42.2%,4.8,63.3%,3,70.6%,19.5%,15.3%,10.1,4,11.5%,0.7,0.6%,1.7,1.7%,2.5
Cleveland Cavaliers,Cleveland Cavaliers,Emoni Bates,Sophomore,-2.2,0.8,-1.8,-0.5,-2.2,-1.7,-0.4,18,52.6%,11.7,30.8%,65.7%,3.8,66.0%,3.7,63.1%,23.1%,19.0%,7.7,3.1,8.9%,1.1,1.2%,1.4,1.3%,2.5
Cleveland Cavaliers,Cleveland Cavaliers,Tristan Thompson,Vet,-3.1,-2.1,-3.4,0.3,-1,-2.3,1.3,9.7,54.6%,0.6,16.4%,3.6%,5.7,62.5%,3.8,44.0%,30.4%,13.2%,16.4,4.3,11.2%,1.8,2.0%,1.2,1.1%,2.3
Miami Heat,Miami Heat,Jimmy Butler,Vet,3,-0.5,2.3,0.7,2.2,1.8,0.4,17.2,54.2%,2.7,33.2%,13.8%,6.3,68.1%,9,83.8%,54.5%,19.6%,8.1,7.8,23.2%,0.5,0.5%,2.2,2.2%,2.4
Miami Heat,Miami Heat,Bam Adebayo,Vet,1.2,-0.6,-0.3,1.6,0.5,0,0.5,19.7,53.8%,3.3,30.1%,16.8%,4.5,70.3%,6,75.0%,30.0%,22.6%,15.3,6.3,19.8%,1.2,1.3%,1.9,1.9%,3.1
Miami Heat,Miami Heat,Tyler Herro,Vet,1.2,0.9,2,-0.8,-0.2,1.8,-2,23.7,53.2%,12.8,38.6%,53.0%,3.4,65.8%,5.2,88.6%,21.2%,26.5%,7.5,8.1,26.7%,0.1,0.1%,1.1,1.1%,3.6
Miami Heat,Miami Heat,Nikola Jovic,Vet,0.9,2.5,0.4,0.5,0.8,0.6,0.2,16.1,53.6%,9.5,38.4%,58.1%,3.1,68.0%,3.8,83.5%,24.2%,18.6%,8.5,6.2,18.6%,0.7,0.9%,1.6,1.6%,2.7
Miami Heat,Miami Heat,Haywood Highsmith,Vet,0.1,0.7,-1.3,1.4,0.8,-0.8,1.6,10.7,57.1%,6.2,36.2%,57.8%,1.9,68.8%,1.2,66.7%,12.0%,11.3%,7,2.7,7.7%,1.1,1.2%,1.9,1.9%,1.4
Miami Heat,Miami Heat,Alec Burks,Vet,-0.4,-1.2,-0.6,0.2,-0.5,-0.5,0,15.2,45.8%,10.2,37.0%,71.7%,0.9,56.3%,4.2,80.0%,25.4%,15.4%,6.6,3.3,10.1%,0.4,0.4%,1.5,1.5%,1.3
Miami Heat,Miami Heat,Duncan Robinson,Vet,-0.5,-0.5,0,-0.5,0.1,0.9,-0.8,17.8,56.5%,13.2,39.0%,76.0%,1.7,71.3%,1.5,87.8%,10.6%,17.9%,5.1,5.4,15.7%,0.3,0.3%,1.2,1.2%,2.3
Miami Heat,Miami Heat,Kevin Love,Vet,-0.8,-0.3,-0.9,0,0.3,0.4,-0.2,23.2,48.4%,13.7,35.2%,62.2%,3.3,62.9%,5.5,76.6%,21.9%,24.2%,15.5,4.7,14.4%,0.7,0.7%,1.4,1.4%,3
Miami Heat,Miami Heat,Dru Smith,Vet,-1,1.1,-1.7,0.7,-1,-1.7,0.7,13.2,47.6%,6.4,34.2%,51.0%,2.7,63.7%,2.4,77.2%,19.4%,14.8%,6.2,5.4,17.0%,0.8,0.9%,2.8,2.9%,2.4
Miami Heat,Miami Heat,Josh Christopher,Vet,-1.2,0.8,-1.1,0,-1.1,-1.2,0.1,21.1,52.8%,3.2,29.3%,18.1%,5.9,67.6%,4.9,71.0%,26.6%,22.5%,6.1,5.5,15.7%,0.8,0.9%,2.3,2.2%,3.8
Miami Heat,Miami Heat,Jaime Jaquez Jr.,Sophomore,-1.2,1.2,-1.4,0.2,-0.6,-1,0.5,15.4,52.8%,3.7,32.5%,25.2%,4.5,66.1%,5,79.3%,30.0%,17.8%,8.6,5.6,16.9%,0.5,0.5%,2.1,2.1%,3
Miami Heat,Miami Heat,Kel'el Ware,Rookie,-1.3,,-1.4,0.1,-1.3,-1.4,0.1,18.8,57.7%,6.1,32.2%,30.2%,6.9,71.4%,3.5,73.0%,20.7%,20.8%,14,1.7,5.6%,3,3.3%,1.4,1.4%,2.2
Miami Heat,Miami Heat,Terry Rozier,Vet,-1.4,-1.2,-0.8,-0.6,-2.1,-1.3,-0.8,18.8,50.7%,8.4,37.2%,44.8%,3.3,60.9%,3.2,87.3%,16.6%,20.1%,7,5.4,16.0%,0.4,0.5%,1.5,1.4%,2.3
Miami Heat,Miami Heat,Pelle Larsson,Rookie,-2.1,,-1.6,-0.5,-2.1,-1.6,-0.5,13.3,53.7%,6,33.2%,46.5%,4.6,63.0%,3.8,70.5%,23.3%,15.2%,6.4,3.4,9.9%,0.4,0.4%,1.8,1.8%,2
Miami Heat,Miami Heat,Isaiah Stevens,,-2.1,,-1,-1.2,-2.1,-1,-1.2,18,47.5%,9,32.2%,51.4%,2.8,59.1%,2.7,76.3%,15.5%,17.2%,4.2,7.7,23.0%,0.1,0.1%,2.2,2.1%,3.3
Miami Heat,Miami Heat,Keshad Johnson,Rookie,-2.1,,-2.1,0,-2.1,-2.1,0,12.5,56.1%,4.4,28.2%,32.1%,6.3,66.1%,4.1,61.4%,33.2%,16.2%,10.8,3.1,9.0%,1.4,1.7%,1.5,1.5%,2.6
Miami Heat,Miami Heat,Josh Richardson,Vet,-3.2,-2.7,-2.5,-0.7,-1.6,-1.6,0,15.6,48.0%,8.8,36.0%,56.1%,1.4,64.2%,1.8,84.6%,13.8%,15.5%,5.4,4.6,13.2%,0.6,0.6%,1.8,1.7%,1.9
New York Knicks,New York Knicks,Jalen Brunson,Vet,3.4,0.8,4.6,-1.2,1.4,4,-2.6,26.5,52.6%,8.2,39.6%,30.9%,4,64.6%,9.8,82.8%,34.8%,29.3%,4.3,10.4,31.8%,0.1,0.1%,1.3,1.3%,3.2
New York Knicks,New York Knicks,Karl-Anthony Towns,Vet,2.9,-0.3,2.7,0.2,-0.1,0.6,-0.7,23.6,58.0%,6,39.3%,23.8%,9.1,68.0%,8.4,85.4%,35.7%,27.4%,18.7,4.8,15.2%,1.1,1.2%,1.4,1.3%,3.7
New York Knicks,New York Knicks,OG Anunoby,Vet,2.2,0.4,1.1,1.1,1.1,0.2,0.9,17.1,58.5%,7.6,38.7%,42.6%,6.4,71.5%,3.2,80.4%,17.6%,17.3%,6.4,3,8.2%,1,1.1%,2,1.9%,1.9
New York Knicks,New York Knicks,Mitchell Robinson,Vet,2.1,0.5,-0.1,2.3,3.2,0.9,2.2,12.6,63.1%,2.9,17.6%,13.0%,6.4,68.9%,4.4,42.2%,43.2%,14.8%,14.6,1.8,5.4%,2.7,3.0%,2.2,2.1%,1.7
New York Knicks,New York Knicks,Josh Hart,Vet,1.3,0.1,0.7,0.6,0.3,-0.1,0.3,13.1,58.4%,4.1,35.1%,31.6%,5.6,70.4%,3.4,80.3%,25.4%,15.1%,14,7.8,20.3%,0.5,0.6%,1.8,1.8%,2.7
New York Knicks,New York Knicks,Cameron Payne,Vet,0.1,1.1,0.4,-0.3,0.8,0.9,0,20.5,47.3%,13.4,36.5%,63.2%,2.5,57.7%,2.5,84.5%,12.5%,19.9%,4.6,8.1,22.7%,0.7,0.7%,1.9,1.8%,2.7
New York Knicks,New York Knicks,Mikal Bridges,Vet,-0.4,-1.1,0.6,-1,-0.6,0.4,-1,19.6,54.9%,8.8,37.5%,44.8%,3.6,70.7%,2.3,83.3%,15.3%,19.7%,4.6,4.4,12.4%,0.5,0.6%,1.4,1.4%,2
New York Knicks,New York Knicks,Miles McBride,Vet,-0.7,-0.3,0,-0.7,-1.4,-0.3,-1.1,16.7,50.1%,9.6,37.8%,56.0%,2.7,62.4%,2.2,81.6%,12.9%,16.0%,4.8,5.5,15.3%,0.3,0.3%,1.8,1.8%,1.7
New York Knicks,New York Knicks,Landry Shamet,Vet,-1.2,-0.1,-0.9,-0.3,-2.5,-1.9,-0.7,14.4,50.7%,8.9,37.3%,61.1%,2.4,63.0%,1.8,78.9%,16.8%,14.1%,4.4,2.6,7.7%,0.5,0.5%,1.5,1.5%,1.5
New York Knicks,New York Knicks,Precious Achiuwa,Vet,-1.3,0.7,-1.9,0.6,-1.1,-2.2,1,11.9,56.6%,1.4,31.6%,9.3%,6.5,69.0%,2.9,60.5%,24.3%,13.0%,14.8,2.5,7.0%,2.2,2.4%,1.6,1.7%,2
New York Knicks,New York Knicks,Kevin McCullar Jr.,,-1.7,,-1.5,-0.2,-1.7,-1.5,-0.2,17.3,48.8%,7.1,29.6%,41.0%,4.4,63.2%,3.6,71.6%,22.4%,17.5%,7.6,4.2,12.6%,0.8,0.9%,1.6,1.6%,2.6
New York Knicks,New York Knicks,Jericho Sims,Vet,-1.8,0,-2.3,0.4,-1.5,-2.3,0.8,6.2,61.1%,0.6,16.6%,2.9%,4.4,75.0%,2.5,63.9%,26.1%,9.0%,14.9,2.9,7.9%,1.5,1.6%,1.2,1.2%,2.3
New York Knicks,New York Knicks,Matt Ryan,Vet,-2.1,0.2,-1,-1.1,-1.8,-0.8,-1,19.5,47.6%,12.3,36.1%,61.4%,2.3,65.3%,3.1,78.7%,13.6%,19.8%,6.4,2.2,5.8%,0.4,0.3%,1.3,1.3%,2.1
New York Knicks,New York Knicks,Pacôme Dadiet,Rookie,-2.2,,-2.2,-0.1,-2.2,-2.2,0,14.3,50.0%,8.3,31.7%,60.5%,2.8,64.1%,2.8,66.8%,21.8%,15.6%,8.7,3.2,9.2%,1.1,1.3%,1.4,1.4%,2.1
New York Knicks,New York Knicks,Tyler Kolek,Rookie,-2.4,,-1.9,-0.4,-2.3,-1.9,-0.4,16.5,48.1%,8.3,32.9%,52.2%,2.8,60.9%,3.2,76.6%,16.7%,17.5%,5.5,7,20.0%,0.3,0.3%,2.1,2.1%,3.2
New York Knicks,New York Knicks,Jacob Toppin,Sophomore,-2.5,0,-2.1,-0.4,-2.5,-2.1,-0.4,14.3,56.2%,2.3,25.4%,21.2%,6.2,66.5%,3.8,71.9%,24.4%,16.3%,11.5,3.3,9.4%,0.9,1.0%,1.6,1.6%,2.3
New York Knicks,New York Knicks,Ariel Hukporti,Rookie,-2.7,,-3.2,0.6,-2.6,-3.3,0.7,11.3,53.1%,1,23.7%,5.6%,5.5,67.8%,3.5,60.5%,30.6%,14.0%,13.2,2.4,6.5%,2.9,3.3%,1.1,1.1%,2.7
Boston Celtics,Boston Celtics,Jayson Tatum,Vet,5.8,0.8,5.5,0.3,3.4,4.2,-0.8,26.3,54.0%,13.7,36.2%,49.3%,5.4,73.4%,8.3,83.9%,31.9%,29.2%,11.7,7.5,23.7%,0.8,0.8%,1.6,1.6%,3.5
Boston Celtics,Boston Celtics,Kristaps Porzingis,Vet,2.5,-0.5,0.7,1.8,0.7,0.2,0.6,22.5,56.4%,9.8,37.8%,42.6%,4.8,72.5%,7.8,85.7%,35.8%,24.2%,11.6,3.3,9.9%,2.7,3.0%,1.3,1.3%,2.4
Boston Celtics,Boston Celtics,Derrick White,Vet,2.2,0.1,1.1,1,2.6,1.8,0.8,17.8,55.4%,12.5,37.7%,69.7%,1.8,70.6%,2.8,87.7%,16.6%,18.7%,6.1,5.7,16.1%,1.7,1.8%,1.4,1.4%,1.9
Boston Celtics,Boston Celtics,Jaylen Brown,Vet,1.8,-0.8,2.4,-0.6,0.7,1.8,-1,25.1,55.4%,7.2,36.3%,27.7%,6.4,71.0%,7.3,72.5%,26.0%,27.1%,8.2,7,21.5%,0.5,0.5%,1.8,1.8%,3.9
Boston Celtics,Boston Celtics,Payton Pritchard,Vet,1.3,1.4,2,-0.7,1.9,3.1,-1.2,18.4,58.3%,12.5,40.0%,68.1%,2.2,70.7%,2,85.0%,11.0%,17.8%,7,6.8,19.4%,0.2,0.3%,1.3,1.3%,2
Boston Celtics,Boston Celtics,Luke Kornet,Vet,1.2,1,-0.7,1.9,0.8,-0.5,1.3,10.1,66.8%,0.7,24.2%,3.6%,7.4,72.7%,3.7,78.2%,34.1%,12.0%,14.9,4.1,11.3%,3,3.2%,1.3,1.3%,1.6
Boston Celtics,Boston Celtics,Sam Hauser,Vet,0.9,1.4,0.9,0,0.4,1.1,-0.7,15.3,56.7%,13.6,39.5%,85.4%,0.4,68.7%,0.4,84.0%,6.5%,14.3%,7.3,2.7,7.3%,0.6,0.6%,1.4,1.5%,0.8
Boston Celtics,Boston Celtics,Jrue Holiday,Vet,0.7,-3.4,0.4,0.4,-0.1,0.3,-0.4,14.2,55.6%,8.6,38.4%,58.8%,2.6,68.1%,1.5,84.7%,10.9%,14.9%,6.9,6.1,16.3%,0.7,0.8%,1.7,1.7%,2.1
Boston Celtics,Boston Celtics,Al Horford,Vet,0.5,-0.1,-1.1,1.7,1.2,0.4,0.8,13.1,56.9%,9,37.8%,64.9%,1.8,75.0%,0.8,79.1%,7.3%,12.1%,10.5,3.7,10.1%,1.7,1.9%,1.3,1.3%,1.2
Boston Celtics,Boston Celtics,Jaden Springer,Vet,0.4,1.2,-0.9,1.2,0.8,-0.7,1.5,14,52.1%,6.6,31.4%,52.0%,3.3,66.7%,5.2,76.5%,27.2%,15.9%,7.8,3.7,11.1%,0.9,0.9%,3.3,3.2%,2.5
Boston Celtics,Boston Celtics,Neemias Queta,Vet,-0.3,1.9,-0.9,0.5,-0.7,-1.1,0.4,12.5,67.5%,0.6,18.0%,3.3%,8.1,73.3%,4,71.7%,32.1%,15.5%,14,2.5,7.0%,2.7,3.1%,1.4,1.4%,2.2
Boston Celtics,Boston Celtics,Xavier Tillman,Vet,-0.7,-0.6,-2.5,1.8,-0.3,-2.5,2.2,11.6,52.4%,5.1,31.0%,46.9%,2.6,67.6%,1.9,50.0%,16.6%,12.6%,11.4,2.7,8.1%,1.8,2.0%,2.4,2.5%,1.8
Boston Celtics,Boston Celtics,Jordan Walsh,Sophomore,-0.8,1.5,-1.7,0.9,-0.7,-1.7,0.9,11.3,53.2%,7.3,32.6%,64.1%,2.5,66.9%,2.5,64.2%,21.9%,13.4%,7.6,2.4,6.8%,1.1,1.2%,1.7,1.7%,1.8
Boston Celtics,Boston Celtics,JD Davison,Vet,-0.9,0.2,-1,0.1,-0.9,-1,0.1,15.5,53.1%,7.2,29.3%,49.6%,3.9,64.8%,3.8,72.3%,23.7%,17.9%,7.4,6.9,20.8%,0.8,0.8%,1.7,1.8%,3.2
Boston Celtics,Boston Celtics,Drew Peterson,Sophomore,-1.3,1.7,-1.2,-0.2,-1.3,-1.1,-0.2,13.2,52.0%,8,32.2%,61.7%,2.1,67.3%,3,74.0%,22.3%,15.0%,10.1,3.4,9.4%,0.9,1.0%,1.5,1.4%,2.5
Boston Celtics,Boston Celtics,Anton Watson,,-2.2,,-1.9,-0.3,-2.2,-1.9,-0.3,16.5,50.1%,6.2,29.0%,36.8%,4.6,65.4%,3.8,69.7%,24.2%,17.0%,9.8,3.3,9.5%,1.1,1.2%,1.5,1.5%,2.5
Boston Celtics,Boston Celtics,Baylor Scheierman,Rookie,-2.3,,-2,-0.3,-2.3,-2,-0.3,16.9,46.4%,10.4,31.5%,65.8%,2.3,64.5%,2.9,72.2%,18.4%,16.9%,8.1,3.8,11.3%,0.6,0.6%,1.7,1.7%,2.2
Brooklyn Nets,Brooklyn Nets,D'Angelo Russell,Vet,0.9,0.2,1.4,-0.5,1.6,1.6,0,21,50.0%,11.7,38.1%,54.9%,2.5,67.5%,4.2,85.8%,17.6%,24.6%,5,11.1,36.3%,0.6,0.7%,1.6,1.6%,3.9
Brooklyn Nets,Brooklyn Nets,De'Anthony Melton,Vet,0.4,-0.3,-0.4,0.8,0.7,-0.6,1.3,19.3,44.3%,11.4,36.0%,57.2%,3.1,59.9%,3.2,76.0%,17.5%,19.9%,7.3,5.8,18.8%,0.9,1.0%,2.9,2.8%,2.5
Brooklyn Nets,Brooklyn Nets,Cameron Johnson,Vet,0.3,-1.1,1.1,-0.8,1.3,1.6,-0.4,23.4,51.3%,12.6,38.7%,54.8%,4,70.3%,6,86.5%,22.8%,26.3%,6.7,5.1,17.2%,0.6,0.7%,1.5,1.5%,2.7
Brooklyn Nets,Brooklyn Nets,Ben Simmons,Vet,0.2,0,-1.5,1.7,-0.1,-1.4,1.2,10.6,54.8%,0.7,15.2%,3.6%,4.9,69.7%,2.3,58.8%,20.3%,15.0%,11.6,13.5,41.5%,1,1.1%,2,1.9%,4.9
Brooklyn Nets,Brooklyn Nets,Cam Thomas,Vet,-0.1,1,1.7,-1.8,0.5,2.5,-2,28.7,43.9%,12.6,36.7%,43.0%,4.8,62.6%,10.1,83.7%,33.5%,35.2%,5.5,5.9,22.3%,0.2,0.3%,1.3,1.2%,4.1
Brooklyn Nets,Brooklyn Nets,Day'Ron Sharpe,Vet,-0.2,0.9,-0.2,0,-0.8,-0.3,-0.5,17.4,56.9%,2.7,30.6%,16.0%,9.7,67.4%,5.6,68.7%,34.6%,20.4%,17,4.2,11.9%,1.8,2.1%,1.6,1.6%,3.4
Brooklyn Nets,Brooklyn Nets,Dariq Whitehead,Sophomore,-1.1,1.6,-0.5,-0.6,-1.1,-0.4,-0.6,19,49.8%,15.4,32.3%,72.8%,2.7,64.6%,3.5,68.5%,18.6%,19.4%,6.7,2.4,7.4%,0.9,1.0%,1.7,1.7%,2.2
Brooklyn Nets,Brooklyn Nets,Noah Clowney,Sophomore,-1.3,2,-0.9,-0.4,-0.5,-0.5,0,16.2,50.7%,11.2,36.2%,67.1%,2.5,66.3%,3.1,80.9%,20.5%,16.2%,8.1,2.1,6.2%,1.1,1.2%,1.2,1.2%,1.9
Brooklyn Nets,Brooklyn Nets,Nicolas Claxton,Vet,-1.4,-3.4,-1.9,0.5,-0.7,-1,0.3,15.1,59.6%,0.6,27.6%,3.3%,7.6,75.7%,5.1,57.7%,32.4%,17.2%,14.9,3.8,11.7%,2.6,2.7%,1.5,1.5%,2.4
Brooklyn Nets,Brooklyn Nets,Ziaire Williams,Vet,-1.4,0.9,-1.4,0,-0.2,-1.1,1,16.6,51.6%,8.9,36.2%,53.8%,5.1,68.3%,4.6,81.3%,25.6%,18.7%,9.9,3.6,10.7%,0.7,0.8%,1.9,1.9%,2.5
Brooklyn Nets,Brooklyn Nets,Tosan Evbuomwan,Sophomore,-1.8,0.8,-1.6,-0.2,-1.7,-1.4,-0.2,14.9,49.7%,5.1,34.3%,33.3%,3.8,68.3%,5,73.0%,33.1%,17.9%,8.3,3,9.3%,0.7,0.8%,1.3,1.3%,3.1
Brooklyn Nets,Brooklyn Nets,Trendon Watford,Vet,-2,-0.1,-1.1,-0.8,-1.4,-0.7,-0.7,20.5,55.3%,6,34.7%,30.3%,6,67.9%,6.7,76.7%,35.2%,23.7%,10.4,4.5,15.0%,0.9,1.0%,1.5,1.4%,3.7
Brooklyn Nets,Brooklyn Nets,Maxwell Lewis,Sophomore,-2.1,0.3,-2,-0.1,-2.1,-2,0,15.6,48.5%,5.7,29.0%,37.2%,4.1,64.0%,3,71.8%,20.3%,17.0%,6.7,3.5,11.4%,0.9,0.9%,1.6,1.5%,2.9
Brooklyn Nets,Brooklyn Nets,Jalen Wilson,Sophomore,-2.4,0,-1.4,-1,-2.7,-1.5,-1.2,14.9,50.7%,8,36.0%,52.4%,2.9,66.3%,3,82.6%,19.9%,15.8%,6.9,4.1,11.8%,0.2,0.2%,1.2,1.2%,2.1
Brooklyn Nets,Brooklyn Nets,Reece Beekman,Rookie,-2.5,,-2.3,-0.3,-2.5,-2.3,-0.3,14,48.7%,5.3,31.5%,38.6%,3.8,62.2%,2.9,72.5%,17.4%,15.4%,5,6.6,20.2%,0.5,0.5%,2.2,2.2%,3.3
Brooklyn Nets,Brooklyn Nets,Keon Johnson,Vet,-2.6,0,-1.9,-0.6,-2.4,-1.9,-0.5,20,47.2%,9.4,35.2%,44.4%,4.2,58.8%,3.8,80.6%,19.7%,20.7%,6.3,4.5,16.1%,0.5,0.6%,2,2.0%,3.3
Brooklyn Nets,Brooklyn Nets,Tyrese Martin,Vet,-2.6,,-1.9,-0.8,-2.6,-1.8,-0.8,16.9,49.1%,9.5,35.4%,54.3%,2.1,67.7%,2.1,71.8%,13.3%,17.7%,8.7,4.3,13.5%,0.4,0.4%,1.2,1.2%,2.9
Brooklyn Nets,Brooklyn Nets,Bojan Bogdanovic,Vet,-2.8,-0.8,-1.5,-1.4,-2.5,-0.8,-1.7,21.8,48.1%,10.8,37.2%,50.9%,2.4,63.4%,3.8,80.3%,19.1%,21.0%,5.8,3.1,11.0%,0.3,0.3%,1.1,1.1%,2.7
Toronto Raptors,Toronto Raptors,Chris Boucher,Vet,2.1,1.3,1.8,0.3,2.7,2.2,0.5,20.4,59.8%,10.8,36.0%,53.5%,6.2,70.7%,5.5,79.3%,26.3%,21.5%,12.6,2.1,5.7%,1.6,1.9%,1.4,1.5%,1.4
Toronto Raptors,Toronto Raptors,Jakob Poeltl,Vet,1.6,-0.5,-0.4,2,2.4,0,2.4,15.1,63.4%,0.6,12.8%,3.1%,7.7,74.2%,3.6,62.6%,25.1%,17.6%,16,4.2,11.8%,2.2,2.4%,1.7,1.7%,2.7
Toronto Raptors,Toronto Raptors,Scottie Barnes,Vet,1.3,0.9,0.8,0.6,1.6,1,0.7,22.3,52.9%,6.1,34.0%,26.6%,5.2,71.4%,6.3,77.9%,26.9%,25.3%,11.3,9,27.3%,1.4,1.7%,1.9,1.9%,3.7
Toronto Raptors,Toronto Raptors,Immanuel Quickley,Vet,-0.6,-2.3,0.5,-1.1,-0.9,0.4,-1.3,24.6,46.8%,11.3,36.8%,49.6%,3.3,64.0%,6.8,84.7%,27.1%,26.6%,5.6,10.5,32.4%,0.2,0.3%,1.5,1.5%,3.1
Toronto Raptors,Toronto Raptors,Kelly Olynyk,Vet,-0.7,-1.4,-1,0.3,2.3,0.7,1.6,14.5,59.2%,5.4,35.0%,38.8%,4.8,71.4%,5.7,81.9%,37.1%,19.0%,11.3,7.9,22.7%,1.1,1.2%,2,2.0%,3.9
Toronto Raptors,Toronto Raptors,RJ Barrett,Vet,-1,0.3,0.5,-1.5,-1.1,0.8,-2,22.7,55.0%,7.4,37.1%,32.1%,9.1,64.4%,7.4,70.0%,33.8%,26.9%,9.4,7.6,22.9%,0.5,0.6%,1.1,1.1%,3.8
Toronto Raptors,Toronto Raptors,AJ Lawson,Vet,-1.4,0.6,-0.7,-0.8,-1.3,-0.6,-0.7,19.4,54.4%,10.1,32.8%,50.5%,6.3,67.7%,4,63.9%,22.7%,20.8%,7.7,2.7,8.2%,0.6,0.7%,1.5,1.5%,2.1
Toronto Raptors,Toronto Raptors,Jonathan Mogbo,Rookie,-1.8,,-2.3,0.5,-1.4,-2.2,0.8,14.7,51.7%,2.8,29.2%,11.6%,6.5,66.5%,3.9,69.0%,27.3%,15.9%,12.7,4.5,12.4%,1.3,1.5%,1.8,1.8%,2.6
Toronto Raptors,Toronto Raptors,Jamison Battle,Rookie,-1.8,,-0.3,-1.4,-1.6,-0.2,-1.4,17.8,50.1%,12.5,35.8%,71.1%,1.7,66.3%,2.1,75.9%,16.4%,17.3%,7.5,4,11.2%,0.5,0.6%,1.1,1.1%,1.7
Toronto Raptors,Toronto Raptors,Ochai Agbaji,Vet,-1.9,0,-1.1,-0.8,-1.4,-1,-0.4,14.1,54.7%,7.3,35.3%,49.9%,5.3,67.0%,1.7,71.1%,15.0%,14.5%,6.4,2.9,8.0%,0.8,1.0%,1.4,1.4%,1.5
Toronto Raptors,Toronto Raptors,Ja'Kobe Walter,Rookie,-2,,-1.7,-0.3,-1.8,-1.6,-0.2,15.3,50.3%,7.8,33.6%,50.1%,3.9,60.6%,3.3,70.1%,23.4%,15.8%,6.1,4,11.8%,0.5,0.6%,1.6,1.6%,2.3
Toronto Raptors,Toronto Raptors,Davion Mitchell,Vet,-2,-0.7,-1.7,-0.3,-3,-2.3,-0.7,10.3,53.7%,5,34.5%,47.4%,2.7,64.8%,1.4,72.6%,16.8%,11.6%,4.2,8.3,22.6%,0.3,0.3%,1.4,1.3%,2.7
Toronto Raptors,Toronto Raptors,Orlando Robinson,Vet,-2.2,-1.3,-2.5,0.4,-2.2,-2.6,0.4,14.2,49.6%,3.2,30.6%,18.3%,4.2,67.2%,4,69.0%,23.3%,15.7%,13.4,3.4,10.3%,1.7,1.9%,1.6,1.6%,2.6
Toronto Raptors,Toronto Raptors,Garrett Temple,Vet,-2.3,1.3,-3.1,0.8,-0.8,-2.4,1.6,10.2,45.9%,5.6,31.9%,53.4%,2.2,58.8%,2.2,71.7%,10.5%,11.8%,7.1,4.6,11.4%,0.9,1.0%,2,2.0%,2.1
Toronto Raptors,Toronto Raptors,Jamal Shead,Rookie,-2.4,,-1.6,-0.9,-2.3,-1.5,-0.8,14.2,49.3%,7,34.3%,48.8%,2.2,60.0%,2,77.6%,15.1%,15.3%,3.9,9.8,26.5%,0.2,0.2%,1.9,1.9%,3.4
Toronto Raptors,Toronto Raptors,Gradey Dick,Sophomore,-2.5,0.2,-1,-1.5,-2.5,-1.2,-1.2,19.6,52.5%,10.5,37.4%,53.3%,4.1,62.9%,3.8,85.8%,20.0%,20.4%,5.3,3.5,10.3%,0.2,0.3%,1.4,1.4%,2.5
Toronto Raptors,Toronto Raptors,Ulrich Chomche,Rookie,-2.6,,-2.8,0.2,-2.6,-2.8,0.2,14.1,51.4%,2.8,24.7%,16.6%,5.8,67.4%,3.9,62.3%,27.2%,17.7%,13.8,3.2,7.6%,1.8,2.5%,1.3,1.3%,3
Toronto Raptors,Toronto Raptors,Bruce Brown,Vet,-2.6,-2.3,-1.7,-0.9,-1.4,-1,-0.3,17.7,53.1%,4.8,34.7%,27.5%,4.8,70.5%,4.1,81.1%,23.8%,19.3%,7.7,4.7,14.7%,0.5,0.5%,1.8,1.8%,2.8
Minnesota Timberwolves,Minnesota Timberwolves,Anthony Edwards,Vet,3.3,0.7,3.2,0.1,4,3.7,0.3,27.5,52.1%,12.6,36.5%,44.5%,5.6,66.3%,7.9,83.7%,28.0%,31.5%,7.6,7.4,24.0%,0.7,0.8%,1.8,1.7%,4.4
Minnesota Timberwolves,Minnesota Timberwolves,Rudy Gobert,Vet,2.6,0.2,-1,3.6,1.5,-0.2,1.8,9.8,68.0%,0.6,11.9%,3.4%,7.3,75.7%,6.1,65.7%,54.5%,12.8%,16.6,2.8,8.1%,2.4,2.6%,1.2,1.2%,2.1
Minnesota Timberwolves,Minnesota Timberwolves,Josh Minott,Vet,1.3,2.6,-0.1,1.4,1.6,0,1.6,15.4,58.7%,7,34.8%,44.7%,6.3,68.4%,3.7,81.2%,20.3%,16.7%,8.3,3,8.6%,1.8,1.9%,2.2,2.2%,1.8
Minnesota Timberwolves,Minnesota Timberwolves,Julius Randle,Vet,1.1,0,1.5,-0.3,-0.3,1.1,-1.4,21.4,53.8%,6.7,33.8%,30.8%,6.6,68.9%,7.8,80.0%,35.8%,24.6%,11.4,7.5,22.9%,0.5,0.5%,1,1.0%,4.3
Minnesota Timberwolves,Minnesota Timberwolves,Nickeil Alexander-Walker,Vet,0.6,1.7,-0.3,0.9,-0.7,-0.7,0,14.8,51.5%,9,38.3%,60.0%,2.5,62.3%,2.2,76.4%,16.2%,15.5%,5.4,4.9,14.6%,0.7,0.8%,1.5,1.5%,2.3
Minnesota Timberwolves,Minnesota Timberwolves,Naz Reid,Vet,0.1,1.3,-0.2,0.4,1.1,0.9,0.2,20.8,55.7%,10.1,38.8%,46.9%,5.1,68.8%,4.2,77.5%,19.7%,21.9%,10.3,3.6,10.8%,1.8,2.0%,1.6,1.6%,2.6
Minnesota Timberwolves,Minnesota Timberwolves,Mike Conley,Vet,0.1,-0.5,-0.8,0.9,1.4,0.7,0.7,13.4,49.6%,9.1,39.7%,67.2%,1,57.5%,2.6,84.7%,17.6%,13.8%,5.3,9.3,25.1%,0.4,0.4%,2.3,2.3%,2.3
Minnesota Timberwolves,Minnesota Timberwolves,Donte DiVincenzo,Vet,0.1,-0.2,-0.1,0.2,1.3,1,0.4,20.7,48.0%,13.4,37.4%,67.1%,2.8,60.9%,3.2,79.2%,13.7%,22.5%,6.5,7.1,22.2%,0.5,0.6%,2.3,2.3%,3.2
Minnesota Timberwolves,Minnesota Timberwolves,Jaden McDaniels,Vet,0.1,0.1,-1.1,1.1,-0.9,-1.5,0.6,14.6,58.0%,5.7,37.8%,39.7%,4.3,73.0%,2.2,77.2%,16.8%,14.8%,8.3,2.6,7.3%,1.4,1.5%,1.9,1.9%,1.6
Minnesota Timberwolves,Minnesota Timberwolves,Luka Garza,Vet,-0.9,-0.6,0,-0.8,-1.1,-0.1,-1,22,60.4%,6.1,30.5%,25.7%,7,70.8%,7.3,72.1%,31.7%,25.4%,11.9,2.1,5.5%,0.6,0.7%,1.2,1.2%,2.5
Minnesota Timberwolves,Minnesota Timberwolves,Leonard Miller,Sophomore,-1.5,1.6,-1.2,-0.3,-1.5,-1.1,-0.3,17,52.9%,10.1,30.6%,53.5%,4.5,69.2%,4,72.0%,21.7%,17.5%,13.8,2.6,7.7%,1.3,1.6%,1.6,1.5%,2.1
Minnesota Timberwolves,Minnesota Timberwolves,Jaylen Clark,Sophomore,-1.9,0.9,-1.8,-0.2,-1.9,-1.8,-0.1,15.5,52.1%,5.8,28.8%,38.4%,5.4,63.3%,4.6,76.0%,28.3%,16.9%,7.4,3.4,10.5%,0.6,0.7%,1.7,1.8%,2.5
Minnesota Timberwolves,Minnesota Timberwolves,Tristen Newton,Rookie,-2.2,,-2,-0.1,-2.2,-2,-0.1,16.4,48.8%,8,29.8%,46.5%,3.8,63.1%,3,71.7%,21.9%,16.9%,7.1,4.5,12.5%,0.6,0.6%,1.7,1.8%,2.6
Minnesota Timberwolves,Minnesota Timberwolves,Terrence Shannon Jr.,Rookie,-2.3,,-2,-0.3,-2.2,-2,-0.3,15.4,50.7%,4.7,28.8%,30.3%,5,64.4%,2.9,69.5%,19.8%,16.1%,6.9,4,11.2%,0.8,0.9%,1.6,1.6%,2.6
Minnesota Timberwolves,Minnesota Timberwolves,Joe Ingles,Vet,-2.4,-1.7,-2.6,0.2,-1.9,-2,0.1,9.2,43.0%,6,35.6%,72.6%,0.2,62.9%,1.2,70.7%,7.0%,8.9%,6.3,7.7,19.8%,0.3,0.3%,1.8,1.7%,2.6
Minnesota Timberwolves,Minnesota Timberwolves,Jesse Edwards,,-2.7,,-2.3,-0.3,-2.7,-2.3,-0.3,16,52.9%,5.3,26.7%,28.7%,5.2,68.5%,4,64.7%,26.7%,16.7%,12.7,2,5.5%,2.1,2.7%,1.2,1.2%,2.5
Minnesota Timberwolves,Minnesota Timberwolves,Rob Dillingham,Rookie,-3,,-1.6,-1.4,-3,-1.6,-1.4,20,47.8%,9,34.9%,44.2%,4,62.4%,2.3,77.9%,11.7%,21.4%,5.1,8.6,27.5%,0.2,0.2%,1.5,1.5%,4.3
Chicago Bulls,Chicago Bulls,Lonzo Ball,Vet,1.7,1,0.1,1.6,1.5,0.2,1.3,14.2,52.0%,12,37.8%,83.8%,0.4,66.1%,0.8,76.1%,10.0%,13.6%,7,7.5,19.6%,1,1.1%,2.8,2.8%,2.5
Chicago Bulls,Chicago Bulls,Zach LaVine,Vet,0.8,-0.4,2,-1.2,2.5,3.4,-1,24.7,55.2%,9.6,38.2%,38.3%,7.6,66.8%,7,83.5%,28.9%,29.0%,6.6,6.3,21.7%,0.3,0.3%,1.3,1.2%,3.9
Chicago Bulls,Chicago Bulls,Jevon Carter,Vet,0.3,0.5,0.1,0.2,0.1,0.1,0,19.4,48.3%,13.4,35.7%,68.2%,1.3,58.1%,1.8,72.2%,8.2%,19.9%,4.6,4.7,14.4%,0.5,0.6%,1.9,1.8%,2
Chicago Bulls,Chicago Bulls,Talen Horton-Tucker,Vet,-0.3,0.5,-0.2,-0.1,-1.1,-0.7,-0.4,19,51.7%,8.5,33.7%,43.0%,7,60.1%,5.2,77.3%,26.0%,21.5%,6.4,5.7,17.4%,0.8,0.9%,1.9,2.0%,2.9
Chicago Bulls,Chicago Bulls,Coby White,Vet,-0.4,-0.6,1,-1.4,-0.5,1,-1.5,22.4,52.8%,11.2,36.0%,53.1%,5.1,65.4%,5.2,85.5%,22.7%,25.0%,5.2,7.3,23.1%,0.3,0.3%,1.3,1.2%,3.3
Chicago Bulls,Chicago Bulls,Jalen Smith,Vet,-0.6,0.5,-0.3,-0.3,0.3,0.4,-0.1,18.7,61.9%,10.2,35.6%,52.3%,6.2,71.7%,5,77.6%,25.7%,20.6%,16.1,2.8,8.3%,2.1,2.4%,1,1.0%,2.1
Chicago Bulls,Chicago Bulls,Josh Giddey,Vet,-1,0,-0.6,-0.4,-0.6,-0.4,-0.2,15.3,53.3%,5.1,34.3%,34.5%,4.5,63.7%,2.7,78.4%,17.2%,17.4%,12.2,10.1,29.3%,0.9,0.9%,1.5,1.5%,3.8
Chicago Bulls,Chicago Bulls,E.J. Liddell,Vet,-1,0.3,-1.1,0.1,-1,-1.1,0.1,15.4,54.4%,8,27.2%,54.8%,2.9,66.4%,3.3,78.3%,21.2%,16.6%,9.1,3.9,10.9%,1.2,1.2%,1.7,1.7%,2.5
Chicago Bulls,Chicago Bulls,Chris Duarte,Vet,-1.2,0.7,-0.9,-0.2,-1,-0.8,-0.2,15.9,48.1%,9.3,34.6%,52.5%,3.6,61.4%,3.3,76.6%,17.2%,16.1%,8.4,4.2,15.5%,0.5,0.5%,1.8,1.7%,2.5
Chicago Bulls,Chicago Bulls,Dalen Terry,Vet,-1.2,-0.5,-1.9,0.7,-0.9,-1.8,0.9,10.9,54.5%,3.8,31.3%,36.0%,4.7,65.6%,3.2,66.0%,24.0%,11.6%,6.6,4.6,13.0%,0.9,1.0%,1.9,1.9%,2.6
Chicago Bulls,Chicago Bulls,Ayo Dosunmu,Vet,-1.4,0.4,-0.1,-1.3,0.4,0.8,-0.3,15,57.3%,6.3,37.6%,42.1%,5.4,67.9%,2.7,80.3%,17.6%,15.7%,5.5,6.8,19.5%,0.6,0.7%,1.5,1.5%,2.2
Chicago Bulls,Chicago Bulls,Nikola Vucevic,Vet,-1.7,-1.3,-0.6,-1.1,1.2,1.2,0,21.3,58.2%,6.2,36.0%,27.2%,5.2,68.6%,3.4,82.6%,14.8%,22.4%,15.5,5,16.5%,1.2,1.2%,1.3,1.2%,2.4
Chicago Bulls,Chicago Bulls,Emanuel Miller,,-1.8,,-1.7,-0.1,-1.8,-1.7,-0.1,15.3,51.0%,7.4,31.4%,41.4%,4,64.8%,3.2,71.3%,23.4%,16.3%,8.6,3.7,10.4%,0.9,0.9%,1.6,1.6%,2.5
Chicago Bulls,Chicago Bulls,Patrick Williams,Vet,-1.9,-0.8,-1.5,-0.3,-1.8,-2.1,0.3,15.2,48.3%,7.7,39.4%,47.7%,3.6,60.3%,2.4,81.1%,15.6%,16.0%,6.4,3.7,10.5%,1.1,1.2%,1.5,1.5%,2
Chicago Bulls,Chicago Bulls,Adama Sanogo,Sophomore,-2.2,0.6,-1.4,-0.8,-2.2,-1.4,-0.8,16.7,53.4%,2.3,22.1%,14.5%,8.1,66.3%,4.1,68.0%,26.4%,18.5%,14.2,2.4,7.0%,0.9,1.2%,1.4,1.3%,2.6
Chicago Bulls,Chicago Bulls,Julian Phillips,Sophomore,-2.4,0.1,-1.9,-0.4,-2.3,-2,-0.3,12.5,55.5%,4.9,33.5%,43.0%,4.8,65.5%,3.5,72.6%,27.4%,13.5%,8.1,1.7,4.8%,0.9,1.0%,1.5,1.5%,1.8
Chicago Bulls,Chicago Bulls,Torrey Craig,Vet,-2.5,0.2,-1.6,-0.8,-0.8,-0.1,-0.7,16.4,49.3%,11.3,34.8%,67.5%,2,66.2%,1.6,72.7%,9.7%,16.6%,9.9,2.8,8.4%,1.1,1.3%,1.4,1.5%,1.4
Chicago Bulls,Chicago Bulls,Matas Buzelis,Rookie,-2.6,,-2.5,0,-2.7,-2.7,-0.1,16.1,50.7%,7.8,34.4%,47.7%,5.2,61.2%,3.3,75.9%,19.9%,16.5%,10.3,1.7,5.0%,2.7,3.0%,1.1,1.1%,2
Dallas Mavericks,Dallas Mavericks,Luka Doncic,Vet,6,2.2,5.5,0.5,3.9,3.6,0.3,26.7,52.6%,13.2,34.9%,46.1%,3.6,75.8%,9.1,73.7%,34.3%,34.5%,11.7,11.4,38.2%,0.6,0.6%,2.4,2.3%,5.4
Dallas Mavericks,Dallas Mavericks,Kyrie Irving,Vet,2.9,-1,3.4,-0.5,2.5,2.9,-0.5,25.6,52.9%,9.2,40.3%,34.2%,4,67.7%,5.3,89.9%,19.4%,27.1%,5.8,6.7,20.6%,0.5,0.5%,1.7,1.7%,3.1
Dallas Mavericks,Dallas Mavericks,Dwight Powell,Vet,1.7,0,-1.2,2.8,2,0,2,8.1,64.1%,1,25.9%,6.0%,3.8,76.4%,4.8,60.4%,48.4%,9.8%,12.9,4.5,12.8%,1.7,2.0%,1.7,1.7%,1.8
Dallas Mavericks,Dallas Mavericks,Dereck Lively II,Sophomore,1.3,4.1,-0.1,1.5,1.1,-0.3,1.4,14.3,62.6%,0.8,22.2%,4.2%,7.8,76.8%,4.6,57.5%,38.9%,16.8%,15.9,5.4,16.0%,3,3.5%,1.2,1.2%,2.9
Dallas Mavericks,Dallas Mavericks,P.J. Washington,Vet,0.7,1,-0.4,1.1,-2.5,-1.8,-0.7,18,51.2%,6,36.7%,33.4%,4.9,69.2%,5.7,75.8%,27.7%,20.2%,11.1,3.3,11.1%,1.3,1.4%,1.6,1.6%,2.9
Dallas Mavericks,Dallas Mavericks,Klay Thompson,Vet,0.1,-0.2,0.7,-0.6,-0.5,0.5,-1,19.1,48.6%,12.2,41.7%,65.4%,1.1,68.4%,1.9,88.7%,9.5%,20.2%,5.5,3.4,9.5%,0.6,0.7%,1.3,1.3%,2
Dallas Mavericks,Dallas Mavericks,Daniel Gafford,Vet,0,0.2,0,0,1.2,1.1,0.1,16.4,66.1%,0.6,14.4%,3.5%,13.2,76.4%,7.6,71.0%,44.0%,20.9%,15.1,3.1,9.9%,3.9,4.4%,1.3,1.3%,2.7
Dallas Mavericks,Dallas Mavericks,Dante Exum,Vet,-0.2,1.3,-0.2,0,-1.5,-0.7,-0.8,15,50.8%,6.6,34.7%,41.8%,3.5,65.4%,2.8,73.7%,18.4%,15.9%,6.7,6.1,17.3%,0.3,0.3%,1.2,1.2%,2.4
Dallas Mavericks,Dallas Mavericks,Naji Marshall,Vet,-0.4,0.8,-0.5,0.1,0.1,-0.4,0.5,19.3,53.1%,6.1,34.9%,34.7%,4.5,65.7%,3.7,82.3%,21.4%,21.0%,7.7,5.6,17.2%,0.3,0.3%,1.9,1.9%,3
Dallas Mavericks,Dallas Mavericks,Quentin Grimes,Vet,-0.5,-0.7,0,-0.5,-0.2,0.1,-0.4,17.6,53.1%,9.3,37.8%,52.5%,3.8,66.4%,4,80.4%,23.3%,18.8%,7.6,4.9,16.0%,0.4,0.4%,1.5,1.5%,2.8
Dallas Mavericks,Dallas Mavericks,Spencer Dinwiddie,Vet,-0.6,-1.5,0,-0.6,-1,-0.3,-0.7,16.7,47.7%,7.9,35.4%,46.5%,2.7,63.0%,5.6,84.0%,33.5%,19.0%,5,6.9,23.1%,0.4,0.4%,1.5,1.4%,2.6
Dallas Mavericks,Dallas Mavericks,Maxi Kleber,Vet,-1.3,-0.9,-2.2,0.9,-2.4,-3,0.5,10.8,52.7%,4.6,33.3%,51.5%,1.9,69.1%,2.2,72.2%,20.3%,11.6%,7.6,3.8,11.8%,1.3,1.5%,0.9,0.9%,1.9
Dallas Mavericks,Dallas Mavericks,Jaden Hardy,Vet,-1.7,-1.2,-0.6,-1.1,-1.3,-0.1,-1.3,22.1,47.7%,10.1,37.1%,45.6%,4.3,60.1%,4.5,78.0%,20.3%,24.7%,5.4,5.1,17.3%,0.3,0.4%,1.5,1.5%,3.7
Dallas Mavericks,Dallas Mavericks,Olivier-Maxence Prosper,Sophomore,-1.9,0.8,-1.7,-0.2,-1.8,-1.6,-0.2,14.3,53.7%,4.5,31.9%,32.4%,6,64.7%,5.7,65.7%,37.3%,17.6%,12,3.2,9.0%,0.6,0.8%,1.6,1.6%,2
Dallas Mavericks,Dallas Mavericks,Jazian Gortman,Rookie,-2.2,,-1.7,-0.4,-2.2,-1.7,-0.4,19.3,47.5%,9.1,32.8%,49.7%,3.8,60.1%,3.9,71.2%,21.4%,19.8%,4.9,6,19.2%,0.3,0.3%,2,2.0%,3.4
Dallas Mavericks,Dallas Mavericks,Brandon Williams,Vet,-2.6,-0.9,-1.7,-0.8,-2.5,-1.6,-0.9,18.1,49.2%,5.4,30.9%,29.7%,6.4,57.4%,6,72.7%,27.6%,20.8%,5.7,7,23.5%,0.4,0.5%,1.7,1.6%,4
Dallas Mavericks,Dallas Mavericks,Kessler Edwards,Vet,-2.6,-1.4,-2.2,-0.5,-2.4,-2.3,-0.1,10.6,54.7%,5.9,34.7%,49.9%,2.9,63.6%,1.9,74.4%,21.3%,11.0%,8.5,2.7,6.8%,0.9,1.0%,1.7,1.7%,1.3
Dallas Mavericks,Dallas Mavericks,Markieff Morris,Vet,-4.6,-1.7,-3.8,-0.8,-4,-3.1,-0.9,18.7,44.9%,11.6,31.8%,60.6%,0.8,63.5%,1.1,69.8%,6.3%,18.4%,9.5,3.7,10.7%,1,1.0%,1.2,1.2%,2.6
Utah Jazz,Utah Jazz,Lauri Markkanen,Vet,1.1,-0.8,1.9,-0.8,0.9,2.9,-2,24,53.0%,13.7,38.4%,58.2%,4.2,67.7%,6.6,87.6%,28.8%,24.0%,9.3,2.9,8.2%,0.6,0.7%,1.3,1.3%,2
Utah Jazz,Utah Jazz,Walker Kessler,Vet,0.7,-0.6,0.2,0.5,2.2,0.7,1.5,11.3,66.7%,0.6,25.6%,3.5%,8.7,77.2%,4.2,60.9%,36.6%,13.9%,18.2,2.5,7.3%,3.9,3.9%,1,1.0%,2.1
Utah Jazz,Utah Jazz,Collin Sexton,Vet,0.6,1.7,2.1,-1.6,-0.1,1.8,-1.9,24.8,51.2%,8.1,39.4%,31.9%,4.2,66.3%,7.1,87.2%,29.3%,26.8%,5,8,25.9%,0.2,0.3%,1.4,1.4%,4.1
Utah Jazz,Utah Jazz,John Collins,Vet,-0.2,-0.3,0.3,-0.5,1.7,1,0.7,20.2,57.5%,5.8,37.8%,28.3%,6.6,74.7%,5.9,82.3%,28.7%,23.8%,13.9,3.5,10.3%,1.6,1.7%,1.3,1.3%,3.3
Utah Jazz,Utah Jazz,Svi Mykhailiuk,Vet,-0.2,0.6,0.4,-0.6,-0.6,0.5,-1.1,20.5,51.5%,14.9,37.6%,71.2%,2.1,66.8%,2.1,77.6%,10.9%,21.5%,5.9,4.1,13.1%,0.5,0.6%,1.6,1.6%,2.7
Utah Jazz,Utah Jazz,Drew Eubanks,Vet,-1,-0.5,-1.9,0.8,-0.1,-1.4,1.2,12,61.5%,0.9,28.6%,4.7%,5.8,71.7%,5,70.7%,36.7%,15.3%,14.4,3.3,10.0%,2.6,2.9%,1.2,1.2%,2.7
Utah Jazz,Utah Jazz,Patty Mills,Vet,-1.4,0.4,-1.5,0.1,-1.8,-1.3,-0.5,15.8,46.0%,11,36.1%,72.2%,0.5,64.2%,1.4,81.6%,5.7%,16.0%,4,4,13.3%,0.3,0.4%,1.7,1.7%,2.1
Utah Jazz,Utah Jazz,Kyle Filipowski,Rookie,-1.7,,-1.6,-0.1,-1.5,-1.6,0.1,12.2,56.5%,5.4,32.7%,45.0%,3.4,68.9%,3.1,64.0%,28.5%,13.2%,12.9,3.8,10.4%,0.6,0.7%,1.5,1.5%,2.2
Utah Jazz,Utah Jazz,Taylor Hendricks,Sophomore,-2,1.1,-1.6,-0.3,-1.7,-1.5,-0.2,15.8,51.8%,8,33.2%,54.4%,2.6,68.5%,2.6,72.5%,17.0%,15.8%,10.3,2.4,6.8%,1.6,1.8%,1.7,1.7%,1.9
Utah Jazz,Utah Jazz,Johnny Juzang,Vet,-2,1.5,-0.8,-1.2,-2.1,-0.7,-1.4,18.4,48.8%,11.5,37.3%,66.3%,1.4,66.4%,2.5,81.1%,15.4%,18.1%,7,3.2,9.8%,0.4,0.4%,1.1,1.1%,1.6
Utah Jazz,Utah Jazz,Oscar Tshiebwe,Sophomore,-2,0.4,-1.9,-0.1,-2,-1.9,-0.1,12.5,54.0%,1.3,22.5%,7.3%,4.9,65.8%,5,68.9%,34.9%,13.9%,15.8,2.1,5.6%,1,1.2%,1.8,1.8%,2.1
Utah Jazz,Utah Jazz,Jordan Clarkson,Vet,-2.2,-2.9,0.1,-2.3,-2,0.5,-2.5,24.6,47.0%,9.7,33.2%,40.7%,2.8,62.9%,6.3,81.7%,23.8%,26.9%,5.7,7.6,24.8%,0.4,0.4%,1.4,1.3%,4.5
Utah Jazz,Utah Jazz,Isaiah Collier,Rookie,-2.5,,-1.6,-0.8,-2.2,-1.5,-0.7,14.2,47.1%,4.1,30.1%,27.7%,3.8,60.3%,2.8,69.8%,20.1%,17.6%,6.2,11.1,33.7%,0.4,0.5%,1.8,1.7%,5.3
Utah Jazz,Utah Jazz,Elijah Harkless,,-2.5,,-1.7,-0.8,-2.5,-1.7,-0.8,16.1,49.1%,8.6,32.7%,49.3%,2.9,62.7%,2.8,75.5%,18.1%,16.9%,5.3,6.3,20.5%,0.2,0.1%,1.9,1.9%,2.9
Utah Jazz,Utah Jazz,Keyonte George,Sophomore,-2.6,0.4,-0.5,-2.1,-2.2,-0.6,-1.6,21.3,46.1%,11,35.0%,50.7%,1.9,65.8%,5.8,83.3%,25.5%,23.6%,5.2,8.8,26.7%,0.3,0.3%,1.2,1.2%,4.2
Utah Jazz,Utah Jazz,Micah Potter,Vet,-2.9,-0.9,-2.1,-0.8,-3.2,-2.1,-1.1,11.2,50.9%,6.4,33.6%,62.6%,1.3,68.7%,1.5,76.7%,16.1%,11.5%,11.3,2.1,5.8%,1.2,1.4%,1.1,1.1%,1.4
Utah Jazz,Utah Jazz,Cody Williams,Rookie,-3,,-3,0,-2.6,-2.9,0.3,12.7,46.6%,5.3,31.6%,48.0%,1.4,63.5%,2.2,67.6%,17.0%,13.4%,5.7,3.5,10.4%,0.8,0.9%,1.3,1.4%,1.9
Utah Jazz,Utah Jazz,Brice Sensabaugh,Sophomore,-3,-0.8,-1,-2,-2.7,-0.8,-1.9,21.4,51.6%,13.9,36.3%,61.2%,1.7,67.0%,3.1,87.0%,16.3%,22.8%,7.4,4,12.7%,0.3,0.4%,1.4,1.4%,3.4
Phoenix Suns,Phoenix Suns,Kevin Durant,Vet,3.2,-1.7,3.3,-0.1,4.3,4.3,0,25.8,56.6%,7.8,40.0%,29.6%,2.6,75.7%,8.3,87.1%,31.8%,29.6%,8.6,5.9,19.5%,1.6,1.8%,1.2,1.2%,3.9
Phoenix Suns,Phoenix Suns,Devin Booker,Vet,3,-0.4,4,-1,2.3,3.7,-1.4,25.7,53.0%,9.8,38.0%,37.3%,3.2,68.7%,9.3,89.3%,35.1%,28.7%,5.4,8.8,27.2%,0.4,0.4%,1.5,1.5%,3.4
Phoenix Suns,Phoenix Suns,Jusuf Nurkic,Vet,1.8,0.3,-1.1,2.9,0.9,-2.2,3,13,54.0%,4.2,28.9%,28.9%,5.3,64.4%,6.1,61.1%,41.6%,18.4%,18.6,5.1,14.9%,1.7,1.9%,2.1,2.4%,4.7
Phoenix Suns,Phoenix Suns,Grayson Allen,Vet,1.1,1.1,1.3,-0.1,1.8,1.6,0.2,14.5,53.9%,10.7,41.2%,72.9%,1.7,68.3%,3.1,86.4%,21.0%,16.2%,5.9,3.7,10.1%,0.5,0.6%,1.5,1.5%,1.7
Phoenix Suns,Phoenix Suns,Bol Bol,Vet,0.3,0.5,-0.5,0.9,0.8,-0.2,1,18.6,59.6%,7.6,32.7%,45.3%,2.8,78.6%,3.5,71.3%,18.5%,20.6%,13.7,2.1,6.2%,2.2,2.6%,1.2,1.2%,2.5
Phoenix Suns,Phoenix Suns,Mason Plumlee,Vet,0.1,0.2,-1.7,1.8,0.9,-1.6,2.4,7.8,61.9%,0.6,18.5%,3.3%,4.5,72.2%,4.5,60.9%,50.2%,10.4%,18.5,5,14.0%,1.7,1.8%,1.4,1.4%,2.4
Phoenix Suns,Phoenix Suns,Monte Morris,Vet,-0.1,0,0.1,-0.3,-1.6,-1.1,-0.5,16,50.9%,6.1,36.3%,38.6%,1.9,68.3%,3.2,80.4%,16.7%,15.9%,5.8,6.4,19.1%,0.4,0.4%,1.6,1.6%,1.9
Phoenix Suns,Phoenix Suns,Royce O'Neale,Vet,-0.2,0.4,-0.4,0.2,-0.6,-0.6,0.1,14.4,48.6%,11.4,36.7%,78.4%,1.4,63.9%,0.8,75.9%,8.6%,14.4%,9.9,4,11.3%,0.9,1.0%,1.6,1.6%,1.6
Phoenix Suns,Phoenix Suns,Bradley Beal,Vet,-0.8,-2.7,0.3,-1.2,0.8,0.9,-0.1,19.8,52.1%,7.7,38.6%,37.6%,3.7,70.6%,3.6,81.1%,16.3%,21.0%,5.5,5.5,16.4%,0.8,0.9%,1.5,1.5%,2.9
Phoenix Suns,Phoenix Suns,Nick Richards,Vet,-0.9,-0.4,-1.3,0.3,-1.1,-1.1,0,13.1,62.9%,0.6,17.2%,3.4%,8.1,72.9%,6.3,74.2%,51.8%,18.0%,17.5,2.5,7.6%,2.1,2.3%,0.9,0.9%,2.9
Phoenix Suns,Phoenix Suns,Damion Lee,Vet,-1.1,0.3,-0.8,-0.3,-0.8,-0.2,-0.5,20.2,46.6%,10.6,35.8%,48.3%,1.6,65.1%,4.3,83.3%,14.4%,21.2%,7,3.9,12.2%,0.3,0.4%,1.4,1.3%,3.2
Phoenix Suns,Phoenix Suns,Tyus Jones,Vet,-1.4,-1.4,-0.1,-1.3,-0.2,0.9,-1.1,14.5,52.2%,7.8,40.0%,52.2%,1.1,64.9%,1.5,84.4%,9.1%,15.1%,4.1,9.9,27.7%,0.2,0.2%,1.7,1.7%,2
Phoenix Suns,Phoenix Suns,Collin Gillespie,Vet,-1.4,0.5,-0.7,-0.7,-1.4,-0.7,-0.7,17.8,53.6%,7.5,32.4%,42.6%,4,63.0%,4.1,70.7%,19.6%,18.3%,6.2,5.8,18.4%,0.2,0.3%,2.2,2.1%,2.6
Phoenix Suns,Phoenix Suns,Oso Ighodaro,Rookie,-2.1,,-2.1,0,-2.2,-2.1,-0.1,9.7,54.8%,0.7,15.5%,3.6%,4,72.4%,3.1,55.6%,29.1%,12.0%,11.9,3.2,8.7%,1.3,1.5%,1.4,1.4%,1.9
Phoenix Suns,Phoenix Suns,Ryan Dunn,Rookie,-2.3,,-1.9,-0.5,-2.3,-1.9,-0.4,17.7,53.9%,7.2,32.9%,40.7%,4.1,68.8%,2.4,64.9%,13.1%,16.8%,8.9,2.7,8.2%,1.4,1.5%,1.3,1.4%,1.6
Phoenix Suns,Phoenix Suns,TyTy Washington Jr.,Vet,-2.6,-0.3,-2,-0.6,-2.8,-2.1,-0.7,16.5,50.8%,6.9,31.2%,44.5%,3,63.8%,2.9,72.9%,18.1%,17.5%,5.9,5.9,16.9%,0.5,0.5%,2,2.0%,2.3
Phoenix Suns,Phoenix Suns,Jalen Bridges,Rookie,-2.7,,-2,-0.6,-2.7,-2.1,-0.6,15.5,48.8%,7.7,30.6%,50.8%,3.9,65.3%,3.8,67.8%,23.5%,16.6%,9.4,2.9,8.5%,1,1.2%,1.5,1.5%,2.6
Los Angeles Lakers,Los Angeles Lakers,Anthony Davis,Vet,4.2,0.5,1.7,2.5,2.8,1.3,1.5,25.8,56.0%,3,32.3%,14.5%,8,76.0%,9.8,80.9%,37.6%,29.8%,17.4,5,16.4%,2.9,3.1%,1.7,1.8%,3.1
Los Angeles Lakers,Los Angeles Lakers,LeBron James,Vet,2.9,-1.2,3.2,-0.3,2.3,2.5,-0.1,25.9,56.2%,7.1,35.6%,24.7%,6.6,75.7%,6.1,76.6%,23.1%,29.3%,10.2,12.8,44.6%,0.8,0.9%,1.6,1.5%,4.9
Los Angeles Lakers,Los Angeles Lakers,Austin Reaves,Vet,0.6,0.2,1.9,-1.3,0.8,2.7,-1.9,18.9,56.1%,9.1,36.7%,48.3%,2.9,75.4%,6,86.1%,31.0%,21.5%,5.7,8.7,25.3%,0.3,0.4%,1.4,1.4%,3.4
Los Angeles Lakers,Los Angeles Lakers,Jarred Vanderbilt,Vet,0.6,0.7,-1.4,1.9,-0.1,-1,0.9,11.3,56.8%,3.9,31.8%,34.0%,4.5,70.1%,3,67.9%,32.8%,13.7%,12.2,3.8,9.7%,0.8,0.9%,2.7,2.7%,2.4
Los Angeles Lakers,Los Angeles Lakers,Dorian Finney-Smith,Vet,0.3,0.1,-0.9,1.1,-0.7,-1.7,1,11.5,54.3%,8.3,37.6%,72.5%,2.2,67.0%,1.3,70.9%,10.9%,11.2%,7.7,2.7,6.9%,0.8,0.8%,1.6,1.6%,1.2
Los Angeles Lakers,Los Angeles Lakers,Christian Wood,Vet,-0.2,-0.9,-0.8,0.6,-0.3,-0.2,0,18.1,55.0%,6.7,34.1%,35.9%,4.2,71.5%,5.4,68.3%,33.0%,19.0%,14.2,3.2,9.9%,1.8,2.0%,1.2,1.2%,2.7
Los Angeles Lakers,Los Angeles Lakers,Max Christie,Vet,-0.5,1.2,-0.6,0.2,0.2,-0.5,0.6,12.8,55.1%,8.1,38.7%,62.1%,2.2,69.0%,2.9,83.6%,24.5%,13.6%,5.7,3,8.0%,0.8,0.9%,1.4,1.4%,1.4
Los Angeles Lakers,Los Angeles Lakers,Rui Hachimura,Vet,-0.6,0.7,-0.6,-0.1,-1.8,-0.5,-1.2,15.1,58.6%,6,38.9%,39.6%,4.8,74.7%,2.9,76.7%,18.9%,15.7%,7.9,2.7,7.0%,0.7,0.8%,1.2,1.2%,1.4
Los Angeles Lakers,Los Angeles Lakers,Jaxson Hayes,Vet,-0.9,-0.9,-1.5,0.6,0.2,-1.2,1.4,10.1,68.8%,0.7,23.7%,3.6%,6.6,77.5%,4.8,69.1%,43.9%,11.7%,12.9,2.5,6.7%,1.8,1.9%,1.5,1.5%,2
Los Angeles Lakers,Los Angeles Lakers,Dalton Knecht,Rookie,-1.3,,0,-1.4,-1.2,0.1,-1.3,17.3,54.8%,11,35.6%,62.9%,2.5,69.3%,3,80.0%,17.1%,17.2%,7.4,2.6,7.0%,0.3,0.4%,1.1,1.1%,1.2
Los Angeles Lakers,Los Angeles Lakers,Cam Reddish,Vet,-1.4,0.2,-2.1,0.7,-1.1,-2.3,1.2,9.5,50.2%,4.7,33.0%,52.0%,2.3,65.4%,2.4,69.6%,22.2%,9.9%,5.8,2.5,6.7%,0.8,0.9%,2.5,2.4%,1.4
Los Angeles Lakers,Los Angeles Lakers,Christian Koloko,Vet,-1.5,-0.2,-3,1.5,-1.7,-3.3,1.6,10.6,55.8%,0.6,23.7%,3.2%,5.5,67.7%,3.2,67.4%,21.7%,12.6%,12.5,2.4,6.3%,2.4,2.7%,1.4,1.4%,1.9
Los Angeles Lakers,Los Angeles Lakers,Gabe Vincent,Vet,-1.8,0.2,-1.5,-0.3,-2,-1.6,-0.4,12.2,50.6%,8.2,35.3%,67.1%,1.3,61.4%,1,75.9%,11.3%,12.0%,3.7,3.8,11.1%,0.5,0.6%,1.7,1.7%,1.7
Los Angeles Lakers,Los Angeles Lakers,Jalen Hood-Schifino,Sophomore,-2,0.6,-2.2,0.2,-2,-2.2,0.2,16.5,51.1%,4.8,27.5%,31.1%,4.4,63.3%,5,69.9%,31.0%,19.1%,7.4,4.3,12.4%,1.1,1.1%,1.6,1.7%,2.9
Los Angeles Lakers,Los Angeles Lakers,Shake Milton,Vet,-2.1,-0.6,-1.2,-0.9,-1.6,-1,-0.6,17.4,49.9%,8,36.1%,48.9%,2.7,62.7%,4.3,77.8%,21.4%,17.7%,5.8,6.8,18.9%,0.4,0.4%,1.5,1.5%,2.9
Los Angeles Lakers,Los Angeles Lakers,Armel Traoré,Rookie,-2.6,,-2.6,0,-2.6,-2.6,0,15.2,50.2%,5.6,30.2%,36.5%,5.8,65.8%,4.8,60.2%,27.2%,17.3%,10.5,2.8,7.5%,1.2,1.4%,1.7,1.8%,2.7
Los Angeles Lakers,Los Angeles Lakers,Trey Jemison,Sophomore,-3,0.4,-2.9,-0.1,-3.1,-3,-0.1,10.2,53.2%,0.9,20.9%,3.4%,5.7,67.5%,4,55.9%,28.7%,13.8%,12.8,2.8,7.3%,2.4,2.8%,1.4,1.4%,2.8
Los Angeles Lakers,Los Angeles Lakers,Bronny James,Rookie,-3,,-2.6,-0.4,-3,-2.6,-0.4,18.1,46.7%,5.9,30.7%,33.4%,4.4,59.3%,3.6,74.4%,17.5%,18.0%,5.1,6.3,19.7%,0.7,0.6%,2.2,2.2%,2.8
Detroit Pistons,Detroit Pistons,Paul Reed,Vet,1.7,0.5,-0.4,2.1,1.4,-0.8,2.2,15.4,57.5%,3.2,30.4%,17.0%,6.8,69.7%,4.3,75.1%,22.3%,18.5%,13.8,4.2,11.9%,2.8,3.1%,2.9,2.9%,2.8
Detroit Pistons,Detroit Pistons,Cade Cunningham,Vet,1.1,2.1,1.9,-0.8,1,2,-1,30.4,50.8%,8.6,36.5%,29.4%,5.1,60.5%,6.8,85.6%,24.0%,33.4%,8,12.4,43.2%,0.9,1.0%,1.5,1.4%,5.6
Detroit Pistons,Detroit Pistons,Tobias Harris,Vet,0.4,-0.9,0,0.4,-1,-0.9,-0.1,15.2,52.2%,5.2,37.5%,32.5%,2.3,69.6%,2.8,86.2%,15.2%,15.5%,9.7,3.8,10.5%,1,1.2%,1.4,1.4%,1.6
Detroit Pistons,Detroit Pistons,Malik Beasley,Vet,0.2,2.1,0.6,-0.3,-0.5,0.8,-1.2,22.5,50.3%,15.6,38.4%,68.6%,1.7,66.3%,3,74.2%,12.7%,22.2%,5,3.4,10.4%,0.2,0.2%,1.4,1.4%,1.7
Detroit Pistons,Detroit Pistons,Ausar Thompson,Sophomore,0,2.8,-1.3,1.3,0.3,-1.4,1.7,15.6,58.6%,3.1,29.5%,17.7%,7,69.7%,4.4,65.1%,27.0%,18.5%,11.4,3.7,11.1%,1.2,1.3%,2.6,2.7%,2.9
Detroit Pistons,Detroit Pistons,Jalen Duren,Vet,-0.1,0.7,-0.8,0.6,1.7,0.3,1.4,12.8,66.9%,0.8,18.7%,3.7%,8.2,75.4%,4.8,71.6%,37.2%,16.4%,18.8,4,11.7%,1.9,2.1%,1.2,1.2%,3.2
Detroit Pistons,Detroit Pistons,Jaden Ivey,Vet,-0.9,1.3,0.2,-1.1,-0.2,0.8,-1,24,48.0%,9.5,35.1%,41.7%,5.1,62.0%,6.6,72.0%,29.1%,26.8%,6.3,7.6,25.1%,0.6,0.7%,1.5,1.5%,4.4
Detroit Pistons,Detroit Pistons,Wendell Moore Jr.,Vet,-1.2,-0.1,-1.4,0.2,-1.3,-1.4,0.2,13.6,53.3%,3.7,31.5%,28.9%,4.6,67.6%,3.5,80.1%,22.9%,15.6%,9.1,4.8,14.0%,0.7,0.7%,2.2,2.2%,2.8
Detroit Pistons,Detroit Pistons,Isaiah Stewart,Vet,-1.3,-0.3,-2.4,1.1,-1,-2.7,1.7,11.1,55.6%,2.8,33.7%,12.5%,4.9,66.0%,2.7,78.0%,22.5%,12.1%,13.5,3.9,11.3%,2.8,3.0%,1,1.0%,2.1
Detroit Pistons,Detroit Pistons,Ron Harper Jr.,Vet,-1.4,-0.4,-1.1,-0.2,-1.4,-1.1,-0.2,16.8,56.7%,6.8,31.0%,41.6%,4.3,65.9%,3.1,75.7%,20.6%,17.3%,8.7,4.6,13.5%,0.9,1.0%,1.6,1.6%,2.2
Detroit Pistons,Detroit Pistons,Tim Hardaway Jr.,Vet,-1.7,-2.3,-0.3,-1.4,-2,-0.9,-1,14.9,49.2%,9.8,38.2%,66.0%,1.1,65.0%,3.5,82.2%,21.4%,15.0%,4.3,2.8,7.4%,0.2,0.2%,1.1,1.1%,1.2
Detroit Pistons,Detroit Pistons,Simone Fontecchio,Vet,-1.9,1.3,-1.4,-0.5,-2.1,-1.3,-0.8,14.9,49.0%,8.7,37.7%,55.9%,2.4,64.3%,2.9,79.6%,16.3%,15.8%,7.6,2.9,8.4%,0.5,0.6%,1.2,1.3%,1.9
Detroit Pistons,Detroit Pistons,Marcus Sasser,Sophomore,-2,0.7,-1,-1,-2.1,-0.8,-1.3,17.4,50.3%,9.5,36.4%,53.8%,1.9,64.8%,2.3,84.2%,14.1%,17.9%,4.5,8,25.6%,0.4,0.5%,1.9,1.9%,3.1
Detroit Pistons,Detroit Pistons,Ronald Holland II,Rookie,-2.1,,-1.6,-0.5,-1.9,-1.5,-0.4,16.7,54.7%,7.2,32.8%,43.2%,5.1,66.6%,4.3,76.1%,25.0%,18.3%,8.9,3.2,9.0%,0.6,0.7%,1.5,1.6%,2.8
Detroit Pistons,Detroit Pistons,Daniss Jenkins,Rookie,-2.3,,-1.7,-0.6,-2.3,-1.7,-0.6,18.6,48.2%,11,31.9%,63.1%,3.3,61.2%,3.1,73.4%,19.5%,19.5%,5.4,5.9,17.8%,0.4,0.4%,1.9,1.9%,2.8
Detroit Pistons,Detroit Pistons,Bobi Klintman,Rookie,-3,,-2.9,-0.1,-3,-2.9,-0.1,15.1,50.7%,4.7,27.6%,33.7%,5,65.7%,3.6,66.0%,25.4%,16.3%,11.6,2.9,8.3%,1.3,1.6%,1.4,1.5%,2.6
Detroit Pistons,Detroit Pistons,Tolu Smith,,-3.4,,-3,-0.3,-3.4,-3,-0.3,13.8,53.5%,5.1,29.7%,31.6%,4.9,68.3%,4,65.8%,28.1%,15.7%,12.2,2.4,5.6%,2,2.3%,1.2,1.3%,2.4
Orlando Magic,Orlando Magic,Franz Wagner,Vet,2.7,2.6,2.4,0.3,2.4,3.2,-0.8,29.3,51.8%,9.5,33.7%,32.9%,7.7,69.1%,8.1,87.2%,28.2%,31.4%,7.9,7.8,27.0%,0.8,0.9%,1.9,1.9%,3.7
Orlando Magic,Orlando Magic,Kentavious Caldwell-Pope,Vet,1.6,-0.1,-0.2,1.7,0.6,-0.3,0.8,12.8,52.5%,7.5,39.2%,59.1%,1.4,66.4%,2.2,86.8%,16.3%,13.7%,3.7,3.1,9.5%,0.8,0.9%,2.4,2.3%,1.4
Orlando Magic,Orlando Magic,Goga Bitadze,Vet,1.6,1.4,-0.4,2,1.8,0.2,1.6,14.3,63.3%,1.5,27.9%,6.6%,8.5,72.1%,5.1,66.8%,35.3%,16.8%,17,5.1,15.7%,3.4,3.7%,1.8,1.8%,3
Orlando Magic,Orlando Magic,Jalen Suggs,Vet,1.3,1.9,-0.4,1.7,1.8,0.1,1.6,25.1,49.4%,12.3,34.4%,48.5%,3.7,67.7%,5.9,80.9%,23.7%,27.6%,6.6,6.1,20.7%,1.4,1.5%,2.5,2.5%,4.4
Orlando Magic,Orlando Magic,Paolo Banchero,Vet,1,1.9,1.1,0,1.2,1.7,-0.5,27.6,48.1%,7.8,34.0%,28.4%,7.3,66.2%,11.3,71.5%,39.3%,32.7%,11.1,7.5,27.1%,0.9,1.0%,1.3,1.3%,4.9
Orlando Magic,Orlando Magic,Jonathan Isaac,Vet,1,0.1,-1.2,2.2,0.7,-0.5,1.2,15.9,55.4%,7.5,35.0%,46.7%,5.2,69.4%,4.5,70.4%,26.9%,17.3%,13.8,2.1,6.2%,3.6,3.9%,2.3,2.3%,1.6
Orlando Magic,Orlando Magic,Gary Harris,Vet,0.7,0.3,-0.9,1.6,-0.1,-1,0.9,12.8,47.9%,8,36.0%,67.8%,1.1,65.2%,1.5,71.7%,12.8%,12.2%,4.3,2.8,8.0%,0.6,0.6%,2,1.9%,1.4
Orlando Magic,Orlando Magic,Moritz Wagner,Vet,0.3,0.6,-0.4,0.7,0.7,0.6,0,22.6,62.2%,6.5,33.6%,28.1%,11,72.8%,8.6,73.8%,38.9%,28.1%,13.1,4.5,15.2%,0.9,1.1%,1.8,1.8%,4.2
Orlando Magic,Orlando Magic,Wendell Carter Jr.,Vet,0.3,-0.1,-1.3,1.6,-0.8,-1.3,0.5,14.6,57.0%,4.5,34.3%,30.5%,4.7,75.4%,5.7,72.2%,33.3%,17.6%,14.2,4.4,13.9%,1.1,1.3%,1.4,1.4%,2.5
Orlando Magic,Orlando Magic,Trevelin Queen,Vet,-0.5,0.8,-1.8,1.3,-0.4,-1.8,1.4,14.8,49.8%,7.5,32.6%,49.5%,3.6,63.3%,2.4,77.9%,17.1%,15.2%,5.9,4.4,13.4%,1.1,1.2%,2.6,2.7%,2.5
Orlando Magic,Orlando Magic,Cole Anthony,Vet,-1.2,-0.6,-1.2,0,-1.4,-0.6,-0.8,22.3,48.6%,8.4,34.8%,36.8%,3.3,63.8%,5.1,82.1%,22.6%,23.8%,8.1,7.4,24.3%,0.8,0.9%,1.7,1.7%,3.9
Orlando Magic,Orlando Magic,Mac McClung,Vet,-1.4,,-1.2,-0.3,-1.4,-1.2,-0.3,17.2,55.4%,7.3,31.1%,46.0%,4.4,62.9%,3.6,73.4%,21.5%,17.7%,8,6.7,21.4%,0.6,0.7%,1.7,1.8%,2.7
Orlando Magic,Orlando Magic,Tristan da Silva,Rookie,-1.9,,-1.2,-0.6,-2,-1.1,-0.9,14.4,52.3%,7.2,35.2%,48.7%,3.5,65.7%,2.3,81.0%,17.4%,14.5%,7.9,3.4,9.8%,0.5,0.6%,1.2,1.2%,1.6
Orlando Magic,Orlando Magic,Cory Joseph,Vet,-2.1,-1.5,-2,-0.1,-1.9,-2,0.1,12.6,47.1%,8.4,33.9%,62.4%,0.9,62.0%,1.4,73.8%,12.8%,13.1%,5,5.8,17.6%,0.5,0.5%,1.7,1.7%,2.1
Orlando Magic,Orlando Magic,Anthony Black,Sophomore,-2.4,0.4,-2.5,0.1,-2.4,-2.2,-0.1,16.7,50.2%,4.5,33.5%,25.0%,5.5,63.6%,6.3,73.8%,36.3%,19.3%,5.4,6.4,21.6%,0.8,1.0%,1.9,1.9%,3.9
Orlando Magic,Orlando Magic,Caleb Houstan,Vet,-2.5,-0.4,-2.2,-0.2,-2.2,-2,-0.2,11.9,50.6%,10.1,35.9%,85.0%,0.4,66.0%,1.5,82.4%,16.8%,11.1%,4.8,2.4,6.3%,0.4,0.5%,1.1,1.2%,1
Orlando Magic,Orlando Magic,Jett Howard,Sophomore,-2.9,-0.5,-1.4,-1.5,-2.9,-1.3,-1.7,18.4,52.6%,12.7,32.6%,66.0%,2.2,67.5%,2.8,76.8%,19.3%,18.4%,6.3,3.4,10.3%,0.7,0.7%,1.1,1.1%,2.3
Memphis Grizzlies,Memphis Grizzlies,Jaren Jackson Jr.,Vet,2.6,0.3,0.8,1.8,1.8,0.8,1,26.2,53.2%,7.9,36.1%,30.1%,4.5,66.0%,8.8,81.0%,33.2%,28.8%,9.6,4.2,12.7%,2.2,2.6%,2,2.0%,3.4
Memphis Grizzlies,Memphis Grizzlies,Ja Morant,Vet,2.4,0.3,2.7,-0.3,-0.2,1.5,-1.7,23.6,52.1%,8,34.2%,34.8%,7,65.6%,8.4,78.2%,36.9%,27.5%,6.6,11.5,34.9%,0.5,0.5%,1.9,1.9%,5.2
Memphis Grizzlies,Memphis Grizzlies,Desmond Bane,Vet,2.1,-0.4,1.7,0.4,1.8,1.8,0,20.5,55.9%,8.4,39.8%,41.3%,5.1,69.1%,4,87.4%,19.7%,22.3%,7.6,8.7,26.0%,0.6,0.6%,1.7,1.7%,3.7
Memphis Grizzlies,Memphis Grizzlies,Brandon Clarke,Vet,1.7,0.8,0.1,1.6,1.5,0.3,1.2,14.2,66.1%,0.7,29.5%,3.2%,6.5,77.5%,3.9,69.1%,28.8%,15.6%,13,2.8,7.8%,1.5,1.6%,1.9,1.9%,1.7
Memphis Grizzlies,Memphis Grizzlies,Marcus Smart,Vet,1.1,-0.1,0.2,1,-0.8,-0.9,0.1,18.7,45.1%,10.3,34.4%,59.4%,1.5,65.0%,4,76.9%,20.7%,20.8%,5.1,8.1,24.8%,0.5,0.6%,2.6,2.6%,3.7
Memphis Grizzlies,Memphis Grizzlies,Santi Aldama,Vet,0.2,1.2,0.1,0.1,0.2,0.3,-0.1,19,55.3%,9.9,35.1%,50.4%,4.8,71.6%,3.3,70.5%,17.0%,18.8%,12.1,4.2,12.4%,1.1,1.2%,1.5,1.5%,2.1
Memphis Grizzlies,Memphis Grizzlies,Luke Kennard,Vet,0,-0.2,0.8,-0.8,0.5,1.6,-1,15.3,50.0%,10.6,41.5%,67.7%,0.8,65.3%,2.1,89.8%,15.1%,15.7%,5.8,6.4,18.1%,0.3,0.3%,1.2,1.3%,2.3
Memphis Grizzlies,Memphis Grizzlies,Jay Huff,Vet,-0.3,0.4,-0.2,-0.1,0,-0.1,0.1,18.2,64.1%,12.3,36.5%,69.4%,4.2,74.4%,3.6,77.5%,23.8%,20.0%,9.2,2.5,6.9%,2.9,3.2%,1.1,1.1%,2.1
Memphis Grizzlies,Memphis Grizzlies,Jake LaRavia,Vet,-0.3,1.2,-0.8,0.5,-0.3,-0.9,0.7,11.7,51.8%,4.9,35.0%,41.8%,3.8,62.1%,4.2,75.2%,36.2%,14.1%,9.4,5.6,15.5%,0.8,0.9%,1.8,1.8%,2.9
Memphis Grizzlies,Memphis Grizzlies,John Konchar,Vet,-0.4,0,-1.8,1.3,-0.1,-1.3,1.2,7.9,52.9%,5.9,34.2%,62.1%,2.2,67.1%,1.1,76.5%,15.6%,8.7%,12.2,3.6,10.3%,1.5,1.7%,2.1,2.2%,1.5
Memphis Grizzlies,Memphis Grizzlies,Scotty Pippen Jr.,Vet,-0.5,1,-1.2,0.7,-0.1,-1.1,1,15.9,54.4%,5.8,36.1%,37.1%,4.7,67.7%,5,70.4%,27.4%,18.4%,7,9.4,26.6%,0.7,0.7%,2.7,2.7%,3.6
Memphis Grizzlies,Memphis Grizzlies,Yuki Kawamura,Rookie,-0.5,,0,-0.5,-0.5,0,-0.5,19.1,46.3%,11.1,33.4%,60.4%,2.3,57.0%,3,77.7%,16.9%,19.4%,3.8,10.4,32.8%,0.1,0.1%,2.2,2.3%,3.7
Memphis Grizzlies,Memphis Grizzlies,Vince Williams Jr.,Vet,-0.7,0.9,-1.2,0.5,-0.9,-1.2,0.3,17.3,50.4%,7.1,34.1%,42.2%,4,65.1%,5,73.8%,28.3%,19.7%,9.5,7.8,24.1%,1,1.1%,1.8,1.8%,3.6
Memphis Grizzlies,Memphis Grizzlies,Zach Edey,Rookie,-0.8,,-1.3,0.5,-1,-1.4,0.4,13.9,61.0%,3.4,31.3%,19.2%,6.7,73.2%,3.8,66.8%,27.4%,15.8%,16.1,2.1,5.5%,2.7,2.9%,1.2,1.2%,2.8
Memphis Grizzlies,Memphis Grizzlies,Cam Spencer,Rookie,-1.9,,-1.3,-0.6,-1.9,-1.3,-0.6,14.9,49.1%,7.8,32.5%,51.8%,2.9,63.3%,3,78.5%,21.8%,14.9%,6.2,6.5,17.9%,0.4,0.4%,1.7,1.7%,2.5
Memphis Grizzlies,Memphis Grizzlies,Jaylen Wells,Rookie,-2,,-0.7,-1.3,-2.4,-0.7,-1.7,15.3,52.5%,9,37.6%,58.0%,2.3,65.5%,3,81.7%,21.2%,15.0%,5.7,3,7.8%,0.2,0.3%,1.2,1.2%,1.5
Memphis Grizzlies,Memphis Grizzlies,GG Jackson,Sophomore,-2.3,1,-0.6,-1.7,-2.1,-0.1,-2,23.3,51.3%,11.3,34.7%,49.4%,6.3,65.1%,5.5,75.4%,25.1%,23.9%,8.2,3,9.0%,0.7,0.8%,1.3,1.3%,2.8
Memphis Grizzlies,Memphis Grizzlies,Zyon Pullin,,-2.4,,-1.9,-0.5,-2.4,-1.9,-0.5,15.4,50.1%,8.2,32.1%,47.7%,3.3,63.4%,2.9,73.2%,19.8%,16.6%,5.8,5.4,16.3%,0.4,0.4%,1.8,1.9%,2.7
Houston Rockets,Houston Rockets,Fred VanVleet,Vet,2.5,-0.3,1.2,1.4,1.4,0.3,1.1,17.3,48.6%,11.2,37.6%,64.2%,1.5,58.2%,3,85.6%,17.9%,17.0%,5.1,7.8,22.3%,0.7,0.8%,2.2,2.2%,2
Houston Rockets,Houston Rockets,Amen Thompson,Sophomore,2.1,4.7,1,1.2,3.2,1.5,1.7,15.6,60.5%,1.6,29.8%,9.6%,7.8,71.7%,5.8,71.2%,37.9%,18.3%,13.5,5.5,15.7%,1.6,1.8%,2.3,2.2%,3.2
Houston Rockets,Houston Rockets,Steven Adams,Vet,1.7,-0.7,-0.9,2.6,1.2,-1,2.2,9.1,60.1%,0.6,13.8%,3.3%,7.3,66.0%,6.8,49.1%,61.0%,14.0%,18.3,4.4,12.4%,1.9,2.2%,1.5,1.5%,3.3
Houston Rockets,Houston Rockets,Jalen Green,Vet,1,2.1,2.1,-1.1,2.5,3.2,-0.7,25.7,50.3%,12.4,35.3%,47.1%,5.5,65.3%,6.1,85.0%,25.6%,26.7%,6.2,4.8,15.3%,0.5,0.6%,1.4,1.3%,3.3
Houston Rockets,Houston Rockets,Tari Eason,Vet,0.9,1,-0.4,1.3,0.1,-0.8,0.9,17.9,54.1%,5.8,35.0%,32.6%,7.4,63.9%,4.1,75.1%,23.6%,18.4%,12.7,2.8,7.4%,1.5,1.7%,3.1,3.2%,2
Houston Rockets,Houston Rockets,Alperen Sengun,Vet,0.6,1.5,0.4,0.2,-1,0,-1,25.1,55.1%,2.3,29.7%,10.6%,9.6,67.8%,8.7,71.4%,34.2%,27.9%,15.4,7.4,23.5%,1.1,1.3%,1.9,1.9%,3.8
Houston Rockets,Houston Rockets,Cam Whitmore,Sophomore,0.1,2.8,1.1,-0.9,0,1.2,-1.2,23.7,54.1%,11.3,34.8%,47.5%,6.4,66.4%,4.4,73.1%,17.7%,23.4%,9.5,3,8.3%,0.9,1.0%,1.7,1.7%,2.4
Houston Rockets,Houston Rockets,Jae'Sean Tate,Vet,0,1.1,-1.6,1.6,-1,-1.7,0.7,12.8,54.6%,3,32.0%,22.6%,5,66.9%,3.7,67.8%,26.1%,14.5%,9.7,3.3,9.4%,0.7,0.7%,1.9,1.9%,2.5
Houston Rockets,Houston Rockets,Dillon Brooks,Vet,0,0,-0.1,0.1,-2,-1.1,-1,16.2,48.0%,8.4,36.9%,50.9%,2.4,62.0%,2.3,83.6%,15.1%,16.0%,5.7,2.9,7.6%,0.4,0.4%,1.4,1.5%,1.4
Houston Rockets,Houston Rockets,Aaron Holiday,Vet,-0.3,-0.4,-0.6,0.3,-1.7,-0.9,-0.8,15.5,49.4%,9.1,36.7%,59.3%,1.6,62.7%,2.3,85.2%,14.8%,14.9%,4.7,5.1,14.8%,0.4,0.4%,1.9,1.9%,1.9
Houston Rockets,Houston Rockets,Jock Landale,Vet,-0.4,0.1,-1.7,1.2,-1.2,-1.9,0.7,15.3,52.3%,2.3,28.9%,11.4%,5.9,65.6%,5.5,69.2%,32.4%,16.9%,12.5,3.8,11.3%,1.7,1.9%,1.2,1.2%,2.4
Houston Rockets,Houston Rockets,Jeenathan Williams,Vet,-0.5,1.7,0,-0.4,-0.5,0,-0.5,18.8,56.3%,5.8,29.4%,33.0%,6.7,69.5%,4,67.6%,21.2%,20.4%,7.6,3.7,12.1%,0.8,0.8%,1.8,1.8%,2.8
Houston Rockets,Houston Rockets,Jabari Smith Jr.,Vet,-0.5,2.1,-0.6,0,-0.6,-0.3,-0.3,17.4,50.8%,7.8,34.8%,49.0%,2.9,69.9%,4,80.1%,23.7%,18.4%,10.4,2.5,6.9%,1.4,1.6%,0.9,1.0%,1.6
Houston Rockets,Houston Rockets,Jack McVeigh,Rookie,-1.3,,-1,-0.2,-1.3,-1,-0.2,17.9,48.9%,9.9,32.4%,52.8%,2.9,66.2%,3.1,70.8%,21.6%,17.5%,9.1,3.6,10.6%,1.1,1.1%,1.5,1.6%,2.4
Houston Rockets,Houston Rockets,N'Faly Dante,,-2.5,,-2.3,-0.2,-2.5,-2.3,-0.2,16.3,52.2%,5.3,27.0%,30.0%,5.4,67.5%,4,65.4%,27.1%,17.2%,12.1,2.7,7.1%,2.4,2.5%,1.3,1.3%,2.7
Houston Rockets,Houston Rockets,Reed Sheppard,Rookie,-2.5,,-2.1,-0.4,-2.4,-2,-0.3,17.5,45.7%,10,32.4%,58.7%,2,60.7%,2.3,74.9%,11.3%,17.3%,5.2,5.5,16.5%,0.9,1.0%,2.2,2.2%,2.5
Houston Rockets,Houston Rockets,Jeff Green,Vet,-4.3,-0.4,-3.4,-0.9,-1.1,-1,-0.1,14.3,52.3%,8.2,32.0%,60.3%,2,69.8%,3.8,77.3%,28.4%,14.9%,7,2.5,6.8%,0.9,1.0%,0.9,1.0%,1.7
Sacramento Kings,Sacramento Kings,De'Aaron Fox,Vet,3.3,0.8,3.3,0,1.7,2,-0.3,24.1,53.6%,8.2,35.0%,33.0%,3.6,70.9%,6.6,76.4%,26.9%,25.7%,6.1,8,24.0%,0.6,0.7%,2.2,2.2%,3.5
Sacramento Kings,Sacramento Kings,Domantas Sabonis,Vet,2.1,1.4,1.5,0.6,1.2,1.1,0.1,18.7,62.5%,3.9,35.6%,16.2%,8,72.1%,6.3,75.1%,33.6%,22.2%,19.5,9,26.9%,0.7,0.8%,1.2,1.2%,3.8
Sacramento Kings,Sacramento Kings,Keon Ellis,Vet,1.5,2.8,-0.1,1.6,1.7,-0.3,1.9,12.5,57.0%,9.1,40.3%,71.9%,1.3,67.8%,2.6,83.3%,22.0%,12.7%,5.7,3.2,9.0%,1.4,1.6%,2.8,2.7%,1.6
Sacramento Kings,Sacramento Kings,DeMar DeRozan,Vet,0.5,-0.2,1.3,-0.8,0,0.9,-0.9,22.1,51.5%,4,34.5%,20.8%,1.9,67.9%,7.2,87.0%,33.0%,22.7%,5.3,4.8,13.9%,0.6,0.7%,1.5,1.5%,1.8
Sacramento Kings,Sacramento Kings,Trey Lyles,Vet,0.1,0.1,-0.3,0.4,-0.9,-0.3,-0.6,14.3,52.2%,9.5,36.5%,63.9%,2.7,67.1%,3,77.8%,21.6%,15.6%,11.5,2.7,7.3%,0.9,1.0%,1.2,1.2%,1.5
Sacramento Kings,Sacramento Kings,Jordan McLaughlin,Vet,0.1,0.1,-0.5,0.6,0.5,-0.3,0.8,12.9,48.5%,7.3,35.2%,61.5%,1.7,60.8%,3.1,68.9%,22.2%,14.0%,5.8,7.6,21.3%,0.3,0.3%,2.6,2.6%,2.3
Sacramento Kings,Sacramento Kings,Keegan Murray,Vet,0,0.9,-0.1,0.1,-1.4,-0.6,-0.8,14.4,55.5%,8.2,38.0%,55.7%,2.1,71.2%,1.6,83.0%,11.9%,14.1%,9,2.5,6.5%,1.2,1.3%,1.3,1.4%,1.1
Sacramento Kings,Sacramento Kings,Malik Monk,Vet,-0.3,0,0.8,-1.1,-0.4,1,-1.4,22.6,53.4%,10.4,37.1%,45.7%,3.7,67.2%,4.9,87.2%,23.9%,24.4%,5.3,9,27.4%,0.7,0.8%,1.5,1.5%,3.4
Sacramento Kings,Sacramento Kings,Kevin Huerter,Vet,-0.4,-1,-0.1,-0.3,-0.3,0,-0.3,16.7,56.6%,11.1,36.7%,63.7%,2.4,71.1%,1.8,75.8%,10.2%,16.8%,6.4,4,11.3%,0.8,0.8%,1.8,1.7%,1.8
Sacramento Kings,Sacramento Kings,Alex Len,Vet,-0.5,0.7,-2.3,1.7,-1.1,-2.4,1.3,9,57.5%,1.9,28.4%,11.2%,3.8,71.3%,3.1,59.5%,30.0%,10.7%,13,4.9,13.9%,3.3,3.4%,1.4,1.3%,2.6
Sacramento Kings,Sacramento Kings,Doug McDermott,Vet,-1.5,0.5,-0.4,-1.2,-0.2,0.4,-0.6,15.7,51.7%,13,37.3%,86.2%,0.8,66.9%,1.1,71.1%,9.1%,14.7%,4.2,2.4,5.8%,0.4,0.4%,0.9,0.9%,1.4
Sacramento Kings,Sacramento Kings,Jae Crowder,Vet,-1.7,-1.3,-2.2,0.4,-1.1,-1.4,0.3,12,48.1%,7.2,34.2%,69.6%,0.8,64.7%,2,69.7%,13.6%,12.4%,7.8,2.7,7.3%,0.5,0.6%,1.8,1.8%,1.7
Sacramento Kings,Sacramento Kings,Devin Carter,Rookie,-1.8,,-1.4,-0.4,-1.8,-1.4,-0.4,16.6,47.6%,8.6,33.3%,50.7%,3.8,60.5%,4.5,77.3%,25.4%,17.9%,7.3,6.4,19.3%,0.8,0.9%,1.7,1.8%,2.8
Sacramento Kings,Sacramento Kings,Mason Jones,Vet,-2.1,0.4,-1.5,-0.6,-2.2,-1.5,-0.7,18.1,46.9%,8.1,28.6%,54.7%,3.6,64.7%,5.9,69.2%,33.2%,18.8%,8.9,8.2,20.3%,0.5,0.6%,1.6,1.6%,2.9
Sacramento Kings,Sacramento Kings,Colby Jones,Sophomore,-2.3,0.3,-2.4,0.1,-2.3,-2.4,0.1,13.6,48.7%,4.3,30.7%,33.4%,2.4,64.4%,2.1,66.7%,18.0%,14.3%,8.9,3.4,9.6%,1.5,1.8%,1.7,1.8%,2.4
Sacramento Kings,Sacramento Kings,Isaiah Crawford,Rookie,-2.6,,-2.2,-0.4,-2.6,-2.2,-0.4,16.6,46.0%,4.4,28.1%,28.9%,4.2,63.0%,3.4,70.1%,20.5%,17.2%,8.5,3.7,10.8%,0.7,0.8%,1.6,1.6%,2.2
Sacramento Kings,Sacramento Kings,Isaac Jones,Rookie,-2.9,,-2.2,-0.7,-2.9,-2.2,-0.7,14.8,56.7%,1.8,26.6%,10.6%,6.3,68.4%,5,61.3%,34.6%,17.5%,11.1,2.4,6.8%,1.8,2.0%,1.2,1.2%,2.7
New Orleans Pelicans,New Orleans Pelicans,Herbert Jones,Vet,1.4,0.2,-0.4,1.8,1.5,-0.6,2.1,15.3,52.8%,5.8,37.1%,40.6%,4.2,67.6%,3.9,82.2%,24.8%,17.4%,6.2,5.3,15.3%,0.9,1.0%,2.6,2.5%,2.9
New Orleans Pelicans,New Orleans Pelicans,Zion Williamson,Vet,1.4,-0.5,1.4,0,0.2,1.2,-1,27,53.9%,1.3,29.1%,4.8%,13.8,69.0%,12.1,70.5%,39.5%,35.1%,11.6,8,28.8%,1.4,1.6%,1.8,1.8%,5.5
New Orleans Pelicans,New Orleans Pelicans,Jose Alvarado,Vet,0.6,1,0,0.6,0.3,-0.3,0.6,16.8,47.1%,12,37.2%,70.3%,1.9,61.6%,2.1,77.4%,15.8%,17.4%,4.9,8.1,24.0%,0.5,0.6%,2.8,2.7%,2.7
New Orleans Pelicans,New Orleans Pelicans,Trey Murphy III,Vet,0.5,-0.8,1.1,-0.6,0.9,2,-1.2,20.7,55.9%,10.7,37.8%,50.8%,5,72.9%,6.4,87.7%,28.1%,23.0%,7.2,4.6,14.5%,0.9,1.0%,1.7,1.6%,2.3
New Orleans Pelicans,New Orleans Pelicans,Brandon Ingram,Vet,0.5,-1.8,0.8,-0.3,0.1,0.8,-0.7,27.3,47.5%,8.8,36.7%,33.7%,3.5,68.9%,6,80.2%,25.2%,32.3%,7.9,8.5,28.0%,0.9,1.0%,1.3,1.3%,4.8
New Orleans Pelicans,New Orleans Pelicans,CJ McCollum,Vet,0.3,-0.2,1.1,-0.8,0.8,2.1,-1.2,25.3,51.0%,11.6,37.9%,45.6%,4.2,63.3%,4.4,77.8%,16.7%,26.0%,5.4,5.8,18.7%,0.8,0.8%,1.3,1.3%,2.7
New Orleans Pelicans,New Orleans Pelicans,Javonte Green,Vet,-0.2,-1.3,-1,0.8,1.2,-0.7,2,10.1,59.1%,4.9,36.4%,47.9%,3.5,68.3%,2.3,77.6%,25.9%,10.9%,8.3,2.5,6.4%,1.2,1.4%,2.3,2.3%,1.3
New Orleans Pelicans,New Orleans Pelicans,Jeremiah Robinson-Earl,Vet,-0.2,0.9,-0.2,0,0.2,-0.1,0.3,12.2,56.9%,5.4,35.2%,48.5%,3.6,67.1%,1.6,80.0%,15.2%,13.1%,12.8,3.6,9.7%,0.6,0.6%,1.7,1.7%,1.7
New Orleans Pelicans,New Orleans Pelicans,Jamal Cain,Vet,-0.5,0.1,-0.6,0.1,-0.1,-0.5,0.4,14,52.3%,6.5,33.0%,51.1%,3,67.1%,3.6,68.7%,21.1%,15.0%,9.4,2.8,7.6%,1.1,1.1%,1.9,1.9%,1.8
New Orleans Pelicans,New Orleans Pelicans,Dejounte Murray,Vet,-0.7,-0.8,0.3,-0.9,1.6,0.8,0.8,23.3,49.4%,8.8,35.4%,37.5%,4.3,61.6%,4.8,81.5%,19.2%,26.4%,8.6,10.6,34.3%,0.5,0.5%,2.4,2.4%,4.4
New Orleans Pelicans,New Orleans Pelicans,Brandon Boston Jr.,Vet,-1.1,1.3,-0.9,-0.1,-1.2,-1.1,-0.2,20.7,49.4%,7.2,33.7%,36.9%,5.1,65.6%,4.8,77.7%,23.7%,21.8%,6.6,4.4,13.7%,0.5,0.6%,2.2,2.2%,2.5
New Orleans Pelicans,New Orleans Pelicans,Daniel Theis,Vet,-1.2,0.2,-2.2,1,-0.7,-1.9,1.2,9.8,58.5%,2.9,30.5%,18.1%,4,71.0%,2.4,76.6%,22.5%,11.5%,13,4.4,13.0%,1.6,2.0%,1.3,1.3%,2.1
New Orleans Pelicans,New Orleans Pelicans,Yves Missi,Rookie,-1.7,,-1.6,-0.1,-1.2,-1.5,0.3,10.8,58.0%,0.6,16.6%,3.6%,8,67.3%,5,67.3%,43.6%,13.9%,14.5,2.7,7.4%,2.5,2.8%,1.1,1.1%,2.1
New Orleans Pelicans,New Orleans Pelicans,Antonio Reeves,Rookie,-1.9,,-1.2,-0.7,-1.9,-1.2,-0.7,19,48.5%,9.5,34.1%,51.0%,4.6,64.7%,2.9,75.9%,18.2%,18.0%,5.8,3.9,11.4%,0.4,0.4%,1.7,1.7%,2.2
New Orleans Pelicans,New Orleans Pelicans,Keion Brooks Jr.,,-2,,-1.7,-0.3,-1.8,-1.7,-0.1,14.8,51.1%,6.9,31.3%,42.3%,3.9,65.7%,3.5,69.9%,23.3%,16.2%,8.4,3.7,10.5%,0.9,0.9%,1.6,1.7%,2.5
New Orleans Pelicans,New Orleans Pelicans,Jordan Hawkins,Sophomore,-2.1,0.2,-0.9,-1.2,-1.4,-0.7,-0.7,20.2,46.8%,11.9,37.1%,58.5%,1.6,60.2%,3.2,83.1%,16.1%,19.2%,5.1,2.5,6.8%,0.7,0.8%,1.3,1.4%,1.5
New Orleans Pelicans,New Orleans Pelicans,Karlo Matkovic,Rookie,-3.2,,-3.1,-0.2,-3.2,-3.1,-0.2,11.4,50.8%,3,26.6%,19.8%,4.3,67.9%,2.8,63.3%,22.0%,14.1%,12.9,2.5,7.1%,2.6,3.0%,1.7,1.7%,2.8
Atlanta Hawks,Atlanta Hawks,Jalen Johnson,Vet,1.4,1,0.2,1.1,1.4,0,1.4,21,56.0%,4.1,33.6%,21.7%,7.6,71.2%,5.1,74.2%,24.6%,23.6%,12.6,6.5,19.9%,1.1,1.3%,2,2.0%,3.6
Atlanta Hawks,Atlanta Hawks,Trae Young,Vet,1.4,-1.1,3.1,-1.7,-0.5,2.2,-2.7,24.2,47.4%,11,37.1%,44.6%,3.4,59.5%,10.2,87.2%,38.6%,29.0%,4.4,13.6,44.3%,0.4,0.4%,1.6,1.7%,5.7
Atlanta Hawks,Atlanta Hawks,Onyeka Okongwu,Vet,1.3,-0.2,0.7,0.6,1.9,1.1,0.8,15.6,64.1%,2.1,33.9%,13.9%,8.7,73.9%,4.8,79.1%,31.8%,18.4%,15,4.2,12.8%,1.8,2.0%,1.5,1.5%,2.3
Atlanta Hawks,Atlanta Hawks,Clint Capela,Vet,0.7,-0.4,-1,1.7,-0.1,-0.4,0.3,14.6,60.7%,0.6,12.6%,3.3%,9.7,67.1%,4.5,57.7%,30.2%,16.8%,18.9,2.6,6.9%,2.1,2.4%,1.2,1.2%,1.9
Atlanta Hawks,Atlanta Hawks,Bogdan Bogdanovic,Vet,0.7,-0.9,0.4,0.3,-0.7,-0.7,0,17.5,51.0%,10.6,38.3%,59.6%,2.5,60.6%,2.9,86.4%,15.0%,17.8%,5.4,4.2,12.0%,0.6,0.6%,1.8,1.8%,2.2
Atlanta Hawks,Atlanta Hawks,Vit Krejci,Vet,0.1,1.8,-0.4,0.5,0.1,-0.3,0.4,12.8,56.4%,9.5,37.6%,69.8%,1.7,68.5%,1.4,79.0%,12.6%,13.6%,5.3,6.1,17.3%,0.9,1.0%,1.6,1.6%,2.1
Atlanta Hawks,Atlanta Hawks,Larry Nance Jr.,Vet,-0.1,-2.4,-0.7,0.7,1.7,0.6,1.1,14.9,56.8%,7.1,36.2%,45.1%,4.1,72.9%,1.6,75.7%,15.5%,15.4%,11.9,4.2,13.4%,1,1.1%,2.2,2.2%,1.7
Atlanta Hawks,Atlanta Hawks,De'Andre Hunter,Vet,-0.1,1.1,1.1,-1.2,-0.3,1.2,-1.5,21.2,50.8%,11.2,38.8%,52.9%,3.5,65.0%,6.6,84.0%,31.2%,23.3%,5.9,3.1,9.0%,0.4,0.4%,1.3,1.2%,2.4
Atlanta Hawks,Atlanta Hawks,Garrison Mathews,Vet,-0.6,-0.5,-0.4,-0.2,0.2,0.2,0,14.2,50.9%,11.5,39.1%,83.6%,0.6,65.3%,3.7,81.4%,23.6%,15.1%,4.8,3.5,10.4%,0.6,0.7%,1.5,1.4%,1.6
Atlanta Hawks,Atlanta Hawks,Dominick Barlow,Vet,-1.3,0.5,-1.6,0.3,-1.2,-1.6,0.3,14.8,56.9%,3.2,28.7%,22.6%,6.1,66.2%,4.5,70.4%,35.9%,16.6%,11.7,3.2,8.0%,1.4,1.5%,1.6,1.6%,1.6
Atlanta Hawks,Atlanta Hawks,Dyson Daniels,Vet,-1.3,-0.2,-1.8,0.4,-1.6,-1.6,0,17,54.5%,4.7,33.1%,26.8%,5.4,66.9%,2.7,65.2%,16.1%,18.0%,7.5,5.5,17.2%,0.8,0.9%,3.1,3.1%,2.9
Atlanta Hawks,Atlanta Hawks,Keaton Wallace,Rookie,-1.4,,-1,-0.4,-1.4,-1,-0.4,16.1,48.8%,8.3,36.3%,49.0%,2.4,61.6%,2.2,81.3%,16.6%,16.9%,4.9,6.4,20.6%,0.6,0.6%,2.2,2.2%,3.2
Atlanta Hawks,Atlanta Hawks,Cody Zeller,Vet,-1.6,-0.2,-2.3,0.7,-2.2,-2.6,0.4,13.1,55.1%,4.1,19.1%,22.7%,5.2,64.3%,4.1,63.4%,26.5%,14.6%,14.2,4.1,10.6%,1,1.2%,1.4,1.4%,2.2
Atlanta Hawks,Atlanta Hawks,Daeqwon Plowden,,-2,,-1.6,-0.4,-2,-1.6,-0.4,15.7,51.1%,7.8,31.9%,43.5%,3.7,64.2%,3.3,73.5%,22.8%,16.6%,7.7,4.6,13.4%,0.7,0.7%,1.7,1.7%,2.5
Atlanta Hawks,Atlanta Hawks,Mouhamed Gueye,Sophomore,-2.1,1.4,-1.7,-0.4,-2.1,-1.7,-0.4,16.1,53.9%,6.1,30.0%,37.1%,5.3,67.5%,4,70.2%,26.4%,17.8%,12.6,2.8,8.1%,1.8,2.5%,1.5,1.7%,2.6
Atlanta Hawks,Atlanta Hawks,Kobe Bufkin,Sophomore,-2.3,0.2,-1.8,-0.5,-2.2,-1.7,-0.4,19.7,50.6%,7.4,30.5%,37.6%,4.7,63.0%,4.4,70.0%,23.0%,20.6%,7.9,6.6,21.2%,0.9,1.0%,1.6,1.7%,3
Atlanta Hawks,Atlanta Hawks,David Roddy,Vet,-2.4,0.2,-1.5,-0.9,-2.5,-1.7,-0.9,14.8,50.8%,6,33.2%,42.2%,4.5,64.5%,3.4,74.1%,23.3%,17.4%,9.9,4.6,14.6%,0.8,1.0%,1.5,1.5%,3.1
Atlanta Hawks,Atlanta Hawks,Zaccharie Risacher,Rookie,-3,,-2.3,-0.7,-2.9,-2.3,-0.6,18.3,50.1%,6.9,32.9%,38.4%,5.5,63.5%,3.9,71.5%,20.8%,18.8%,7.4,2.6,6.8%,0.9,1.0%,1.5,1.5%,2.3
Denver Nuggets,Denver Nuggets,Nikola Jokic,Vet,6.6,-0.7,5.1,1.5,3.9,4.2,-0.3,24.7,62.3%,5.4,36.6%,21.9%,6.9,72.2%,7.8,82.8%,32.5%,28.5%,16.7,13,39.2%,1,1.1%,2.2,2.1%,4.4
Denver Nuggets,Denver Nuggets,Jamal Murray,Vet,2.2,-0.1,2.5,-0.3,0,0.9,-0.9,22,52.1%,8,39.2%,35.0%,3.9,65.4%,4.6,87.9%,18.9%,23.2%,5.6,7.6,22.5%,0.7,0.7%,1.8,1.8%,2.9
Denver Nuggets,Denver Nuggets,Michael Porter Jr.,Vet,2.1,-0.1,1.9,0.2,0,1.1,-1.1,19.4,58.5%,9.8,40.7%,50.7%,4.2,74.6%,3.4,78.5%,17.5%,20.2%,9.1,3.1,8.4%,0.8,0.8%,1,1.0%,1.8
Denver Nuggets,Denver Nuggets,Aaron Gordon,Vet,2,-0.5,1.5,0.6,0,1,-1,16.3,58.0%,6,34.1%,36.7%,6.8,71.2%,5.7,70.8%,36.2%,17.9%,9.4,4.8,13.7%,0.8,0.8%,1.2,1.2%,2.2
Denver Nuggets,Denver Nuggets,Christian Braun,Vet,-0.5,0.8,-0.3,-0.2,-0.7,-0.2,-0.5,14.8,60.1%,4,34.9%,23.8%,6.8,69.3%,3.8,78.9%,25.1%,15.3%,7.3,3,8.6%,0.7,0.8%,1.4,1.5%,1.4
Denver Nuggets,Denver Nuggets,Russell Westbrook,Vet,-0.6,-0.8,-0.1,-0.6,0.9,0.2,0.7,18,54.2%,5.8,33.3%,32.8%,7.1,65.0%,4.7,67.7%,26.7%,21.9%,9.1,10.4,28.4%,0.8,0.8%,2.2,2.2%,4.2
Denver Nuggets,Denver Nuggets,Peyton Watson,Vet,-1.2,0.1,-1.9,0.6,-0.7,-1.7,1,12.2,54.1%,3.6,33.6%,30.0%,4.8,66.6%,4,72.2%,31.0%,13.7%,7.4,3.2,8.7%,2.7,3.0%,1.5,1.5%,1.7
Denver Nuggets,Denver Nuggets,Jalen Pickett,Sophomore,-1.6,0.8,-1,-0.7,-1.6,-0.9,-0.7,15.5,53.7%,8.2,32.5%,53.4%,1.8,65.3%,2.1,75.7%,14.2%,15.5%,5.8,9.3,25.4%,0.4,0.5%,1.5,1.5%,3.1
Denver Nuggets,Denver Nuggets,PJ Hall,Rookie,-1.7,,-1.8,0.1,-1.7,-1.8,0.1,14.6,55.4%,5.1,29.4%,32.4%,5.8,67.7%,4.8,67.0%,28.4%,17.5%,13.3,3,8.0%,1.6,2.1%,1.3,1.3%,2.7
Denver Nuggets,Denver Nuggets,DaRon Holmes II,,-2.2,,-2.1,-0.1,-2.2,-2.1,-0.1,16,51.0%,5.5,27.5%,30.5%,5.3,66.6%,4,66.3%,26.3%,17.3%,11.4,2.9,7.9%,1.9,1.8%,1.4,1.4%,2.5
Denver Nuggets,Denver Nuggets,Spencer Jones,Rookie,-2.2,,-1.8,-0.4,-2.2,-1.8,-0.4,17.4,49.1%,8.6,31.7%,51.7%,3.6,65.3%,3.2,68.5%,21.4%,17.7%,8.5,3.4,9.3%,0.9,1.0%,1.7,1.7%,2.4
Denver Nuggets,Denver Nuggets,Dario Saric,Vet,-2.3,-2.2,-2.2,-0.1,-2.4,-2.2,-0.2,16.1,49.6%,6.7,35.2%,45.3%,3.6,67.8%,4,77.8%,24.9%,18.5%,12.8,6.6,19.2%,0.6,0.6%,1.6,1.5%,3.9
Denver Nuggets,Denver Nuggets,Julian Strawther,Sophomore,-2.4,0.1,-1.1,-1.2,-2,-1,-1,17.2,51.3%,10,34.7%,57.0%,2.9,64.9%,3.1,81.0%,18.4%,17.6%,4.7,3.3,9.4%,0.5,0.6%,1.4,1.5%,1.6
Denver Nuggets,Denver Nuggets,Vlatko Cancar,Vet,-2.4,-0.7,-2.2,-0.2,-2.3,-2.2,-0.2,13,54.7%,5,31.5%,38.9%,4.7,67.0%,2.4,78.9%,19.8%,15.0%,9.2,3,8.6%,0.9,1.0%,1.3,1.3%,2
Denver Nuggets,Denver Nuggets,Trey Alexander,Rookie,-2.6,,-2.4,-0.2,-2.6,-2.4,-0.2,15.9,46.5%,8,32.2%,48.5%,3,61.5%,2.9,73.3%,17.8%,16.6%,5.7,5.5,16.5%,0.6,0.6%,1.7,1.8%,2.6
Denver Nuggets,Denver Nuggets,DeAndre Jordan,Vet,-2.9,0.1,-3.7,0.8,-1.5,-2.9,1.3,9.8,64.5%,0.6,13.3%,3.3%,7.5,73.5%,4.2,48.0%,39.6%,13.0%,19.1,3.1,8.4%,2.1,2.3%,1.1,1.1%,2.5
Denver Nuggets,Denver Nuggets,Hunter Tyson,Sophomore,-3.1,-0.6,-2.1,-0.9,-3.1,-2.1,-1,14.1,50.2%,8.3,33.2%,60.6%,2.7,67.0%,3.5,71.5%,21.8%,15.7%,9.9,2.8,7.8%,0.8,0.8%,1.3,1.4%,2
Denver Nuggets,Denver Nuggets,Zeke Nnaji,Vet,-3.5,-2.3,-3,-0.5,-3,-2.8,-0.2,14,58.4%,3.3,31.4%,21.3%,7.2,69.5%,4.6,64.2%,31.8%,15.8%,10,2.4,6.5%,2.1,2.4%,1.3,1.3%,2
Washington Wizards,Washington Wizards,Jared Butler,Vet,0,1.8,0.8,-0.8,-0.3,0.8,-1.1,22.4,53.1%,5.9,31.7%,25.3%,5.7,69.4%,5,79.0%,21.3%,24.0%,5.7,10.1,33.0%,0.7,0.7%,2.1,2.1%,4.2
Washington Wizards,Washington Wizards,Justin Champagnie,Vet,-0.1,1.3,-0.2,0.2,0.5,0,0.6,14.2,57.9%,7.8,34.3%,52.5%,4.5,71.2%,2.8,71.4%,20.1%,15.1%,10.6,2.7,7.9%,1.2,1.4%,2.2,2.1%,1.8
Washington Wizards,Washington Wizards,Saddiq Bey,Vet,-0.3,0,0.1,-0.5,-1.7,-0.6,-1.1,20,47.3%,8.9,36.4%,46.8%,4.6,63.9%,5,81.0%,25.1%,21.4%,9.6,3.1,9.4%,0.4,0.5%,1.4,1.4%,1.6
Washington Wizards,Washington Wizards,Marvin Bagley III,Vet,-0.5,1.6,-0.6,0.1,-2.1,-0.3,-1.8,20.3,56.8%,2.7,30.6%,13.0%,9.7,72.8%,5.6,69.8%,30.3%,22.3%,14.5,2.9,8.2%,1.4,1.7%,1.2,1.3%,2.7
Washington Wizards,Washington Wizards,Patrick Baldwin Jr.,Vet,-0.6,1.6,-1.4,0.8,-0.9,-1.6,0.7,16.5,53.1%,10.7,33.2%,63.6%,3.7,69.3%,3,67.1%,21.0%,16.1%,10.7,2.6,6.8%,1.3,1.5%,1.6,1.7%,1.9
Washington Wizards,Washington Wizards,Richaun Holmes,Vet,-0.8,-0.3,-1.8,1,-1.7,-2.5,0.9,13.6,54.7%,0.6,24.9%,3.8%,6.7,70.6%,4.2,72.9%,29.8%,16.1%,15.1,2.1,5.1%,1.8,2.3%,1.1,1.0%,2.3
Washington Wizards,Washington Wizards,Jonas Valanciunas,Vet,-1,-0.8,-1.2,0.2,-0.1,0.1,-0.2,21.3,58.0%,2,34.6%,8.7%,7.2,69.9%,5.8,83.4%,28.6%,24.6%,20.3,5.2,17.6%,1.5,1.6%,1,1.0%,3.9
Washington Wizards,Washington Wizards,Jordan Poole,Vet,-1.2,-0.5,0.2,-1.4,1.1,2.1,-1,24.6,49.6%,15,36.1%,60.2%,3.9,68.9%,6,87.8%,24.0%,27.7%,4.6,8.2,27.7%,0.6,0.6%,1.9,2.0%,4.5
Washington Wizards,Washington Wizards,Johnny Davis,Vet,-1.3,1.7,-1.5,0.2,-1.4,-1.5,0.1,15.9,48.2%,6.6,32.0%,40.7%,4.3,65.3%,3.4,65.1%,18.6%,17.2%,6.3,2.8,7.9%,1,1.0%,1.8,1.9%,1.7
Washington Wizards,Washington Wizards,Kyshawn George,Rookie,-1.8,,-2,0.2,-1.5,-2,0.5,12.7,52.7%,9,32.8%,69.2%,1.9,66.0%,2.1,76.3%,18.1%,14.2%,6.7,4.2,12.0%,1,1.1%,1.6,1.6%,2.2
Washington Wizards,Washington Wizards,Corey Kispert,Vet,-1.9,-1.1,-0.5,-1.4,-1.6,0,-1.6,15.7,60.3%,8.8,37.1%,54.6%,3.5,74.3%,2.8,80.1%,16.8%,16.3%,5.4,3.5,9.8%,0.4,0.5%,1.1,1.1%,1.8
Washington Wizards,Washington Wizards,Malcolm Brogdon,Vet,-2.1,-2.1,-1.1,-1,-1.1,-0.4,-0.7,22.6,48.0%,6.1,36.6%,24.1%,5.9,60.2%,6.4,83.5%,29.5%,24.2%,7.3,8.5,27.8%,0.5,0.6%,1.3,1.3%,3.8
Washington Wizards,Washington Wizards,Anthony Gill,Vet,-2.2,-0.1,-1.9,-0.3,-3.3,-2.4,-0.9,13,53.4%,3.9,28.6%,29.2%,4.7,66.4%,5,69.4%,30.6%,15.3%,9.4,2.7,7.1%,0.8,0.9%,1.2,1.3%,1.9
Washington Wizards,Washington Wizards,Tristan Vukcevic,Sophomore,-2.2,0.9,-1.7,-0.5,-2.2,-1.7,-0.6,19.4,53.4%,10.4,29.8%,51.4%,5.2,67.9%,5.7,69.0%,28.2%,21.5%,10.7,2.9,8.4%,1.9,2.2%,1.4,1.5%,2.5
Washington Wizards,Washington Wizards,Bilal Coulibaly,Sophomore,-2.9,-0.3,-2.5,-0.4,-1.6,-2.2,0.6,15.2,50.8%,5.1,33.1%,34.9%,4.1,68.8%,4.4,76.8%,30.1%,17.5%,6.6,5,15.1%,1,1.1%,1.7,1.7%,2.9
Washington Wizards,Washington Wizards,Carlton Carrington,Rookie,-3.1,,-2,-1.2,-2.5,-1.7,-0.8,13.3,49.9%,8.7,33.8%,61.1%,1.1,62.0%,1.7,79.9%,12.6%,13.5%,6.2,5.9,18.2%,0.3,0.4%,1.4,1.4%,1.9
Washington Wizards,Washington Wizards,Alexandre Sarr,Rookie,-3.4,,-2.4,-1,-3.1,-2.3,-0.8,18.8,49.9%,8.1,32.2%,41.4%,4,70.1%,3.6,69.0%,19.1%,20.8%,11.5,4.1,12.4%,2.4,2.6%,1.2,1.2%,2.6
Washington Wizards,Washington Wizards,Kyle Kuzma,Vet,-3.7,-3,-2.1,-1.6,-3.8,-1.8,-2,22.5,52.5%,8,33.5%,36.0%,5.2,72.8%,4.4,69.9%,19.3%,24.5%,9.8,5.4,17.6%,0.6,0.8%,1.1,1.1%,4
Milwaukee Bucks,Milwaukee Bucks,Giannis Antetokounmpo,Vet,6,-0.2,3.8,2.2,4.9,3.7,1.2,27.6,62.4%,1.2,29.3%,4.3%,11.8,78.2%,13.1,63.5%,48.7%,34.4%,17,8.1,28.3%,1.7,1.9%,1.4,1.4%,4.5
Milwaukee Bucks,Milwaukee Bucks,Damian Lillard,Vet,2.7,-1.7,3.8,-1.1,2.6,3.9,-1.3,22.5,51.1%,11.3,37.9%,51.8%,4.1,62.9%,9.1,92.4%,37.1%,26.4%,6.1,9.8,30.0%,0.4,0.4%,1.5,1.5%,3.6
Milwaukee Bucks,Milwaukee Bucks,Khris Middleton,Vet,1.3,-0.6,0.9,0.4,0,0.3,-0.3,19,51.6%,7.6,38.2%,40.5%,1.7,65.8%,3.9,84.6%,20.6%,20.2%,8.4,8.7,25.2%,0.4,0.5%,1.6,1.6%,3.4
Milwaukee Bucks,Milwaukee Bucks,Brook Lopez,Vet,1.2,-0.7,-1.4,2.6,1,-0.2,1.2,14.3,59.7%,7.8,35.6%,50.4%,3.1,75.5%,2.4,80.3%,17.1%,14.8%,7.9,2.9,8.1%,2.7,3.1%,1,1.0%,1.5
Milwaukee Bucks,Milwaukee Bucks,Delon Wright,Vet,0.1,-0.5,-1.2,1.3,0.5,-0.7,1.2,11.1,47.4%,6.9,33.2%,53.1%,1.9,63.3%,2.3,70.5%,16.6%,12.0%,6.1,6,18.0%,0.7,0.8%,4,3.6%,2.2
Milwaukee Bucks,Milwaukee Bucks,Ryan Rollins,Vet,-0.1,1.9,-1.4,1.3,-0.2,-1.5,1.3,15.4,56.1%,5.8,34.4%,38.2%,4.2,67.8%,3.1,79.6%,18.6%,16.5%,6.6,4.7,13.0%,1.1,1.2%,2.7,2.6%,2.8
Milwaukee Bucks,Milwaukee Bucks,Bobby Portis,Vet,-0.3,-0.6,0.1,-0.4,0.5,0.6,-0.1,24.4,50.5%,7.1,38.0%,28.5%,4.8,66.3%,3.1,78.5%,13.0%,25.6%,16.1,4.1,13.1%,0.9,0.9%,1.5,1.4%,2.6
Milwaukee Bucks,Milwaukee Bucks,Gary Trent Jr.,Vet,-0.5,0.1,0.1,-0.6,-0.3,0.4,-0.7,15.9,48.2%,11.1,39.3%,68.0%,0.9,63.1%,1.6,84.6%,11.5%,15.5%,4.6,2.6,6.7%,0.2,0.2%,2,2.0%,1
Milwaukee Bucks,Milwaukee Bucks,Taurean Prince,Vet,-0.9,0.4,-1.2,0.3,-1.2,-1.1,-0.1,11.2,50.8%,7.8,39.3%,69.0%,1.5,62.8%,1,79.7%,11.5%,11.6%,6.3,3.7,10.0%,0.5,0.6%,1.4,1.4%,1.6
Milwaukee Bucks,Milwaukee Bucks,Pat Connaughton,Vet,-1.2,-0.7,-1.2,0.1,-1.1,-1.2,0.1,10.9,56.3%,6.1,34.2%,54.5%,3.3,69.9%,1.9,73.7%,14.2%,12.0%,7.9,5.5,15.1%,0.6,0.7%,1.4,1.4%,1.8
Milwaukee Bucks,Milwaukee Bucks,Tyler Smith,Rookie,-1.2,,-1.4,0.1,-1.2,-1.4,0.2,17.6,53.4%,9.2,29.8%,45.4%,5.4,69.1%,4.3,63.2%,28.1%,18.8%,12.3,2.3,6.1%,2.2,2.9%,1.2,1.2%,2.6
Milwaukee Bucks,Milwaukee Bucks,A.J. Green,Vet,-1.3,0.5,-0.6,-0.7,-1.9,-0.8,-1.1,13.5,50.6%,11.7,40.2%,84.5%,0.2,66.1%,1.2,83.1%,16.3%,13.1%,5.2,3.2,8.4%,0.3,0.3%,1.2,1.2%,1.3
Milwaukee Bucks,Milwaukee Bucks,AJ Johnson,Rookie,-2.2,,-1.7,-0.6,-2.2,-1.7,-0.6,18,51.9%,5,27.9%,26.9%,7,61.5%,3.6,69.8%,23.1%,19.7%,7.5,6,17.1%,0.7,0.8%,1.7,1.7%,4.1
Milwaukee Bucks,Milwaukee Bucks,Stanley Umude,Vet,-2.4,-1.1,-2.2,-0.1,-2.4,-2.2,-0.2,16.3,47.9%,7.4,34.7%,46.0%,2.9,64.2%,4.4,74.8%,19.1%,16.4%,8.7,2.6,7.7%,1.1,1.2%,1.6,1.6%,2
Milwaukee Bucks,Milwaukee Bucks,MarJon Beauchamp,Vet,-2.6,-0.1,-1.4,-1.2,-3,-1.4,-1.5,18.5,50.3%,8.6,34.2%,48.0%,3.6,67.2%,3.6,71.9%,19.6%,20.7%,9.4,2.7,7.9%,0.6,0.7%,1.4,1.4%,2.9
Milwaukee Bucks,Milwaukee Bucks,Chris Livingston,Sophomore,-2.6,-0.3,-2.1,-0.5,-2.6,-2.1,-0.5,11.5,52.4%,3.1,26.5%,20.7%,4.9,66.0%,3.2,68.5%,26.1%,14.2%,12,3.1,9.0%,0.7,0.7%,1.6,1.6%,2.5
Milwaukee Bucks,Milwaukee Bucks,Andre Jackson Jr.,Sophomore,-3,-1,-3,0,-3.2,-3,-0.1,9.8,54.4%,3.9,33.1%,42.2%,3.1,66.5%,1.3,69.3%,13.0%,10.9%,9.1,4.1,11.3%,0.7,0.8%,1.6,1.6%,2.4
Milwaukee Bucks,Milwaukee Bucks,Liam Robbins,Rookie,-3,,-2.8,-0.2,-3,-2.8,-0.2,11.5,51.7%,3.3,26.6%,22.0%,4.8,67.3%,4.9,59.9%,33.0%,16.2%,13.4,2.3,5.9%,2.2,2.5%,1.3,1.3%,2.8
LA Clippers,Los Angeles Clippers,Nah'Shon Hyland,Vet,-0.1,0.6,-0.2,0.1,2.1,0.6,1.5,24.8,46.9%,15.5,35.5%,69.2%,2.8,63.9%,4.2,82.4%,13.9%,26.4%,5.8,8.3,29.1%,0.7,0.7%,2.5,2.5%,4
LA Clippers,Los Angeles Clippers,Nicolas Batum,Vet,-0.6,-0.6,-2.2,1.6,-1.2,-1.4,0.2,6.8,50.7%,6.3,37.4%,84.8%,0.4,65.1%,0.7,69.5%,8.7%,7.5%,8.3,3.9,10.6%,1.2,1.3%,1.7,1.7%,1.2
